ID,Release,Functionality Name,Functionality Num,CP,Efforts (Days),Complexity Factor,# of Defects,Module complexity,Weighted DD,Average Severity,Total Business Impact,Final Hotspot
1162,1,Breach Details Send Email,162,39,43.68,0.6,1,0.66,0.025641026,1,0,0
1203,1,Maps>=250 Data Tree Add Rows,203,192,220.8,0.9,8,1.65,0.041666667,2,3,1
1191,1,Maps>=250 Data Tree Edit,191,99,143.55,2.075,10,4.1,0.101010101,3,1,0
1219,1,Maps>=250 Data Tree,219,172,237.36,0.3,3,4.6,0.01744186,2,0,0
1160,1,Money Transaction Export,160,158,230.68,1.775,13,2.2,0.082278481,2,3,1
1229,1,Merlin vs Seqel Breach Excel,229,38,41.04,2.7,5,3.6,0.131578947,1,2,1
1154,1,Geography Popup - Mark up,154,96,101.76,0.6,3,3.67,0.03125,1,1,0
1261,1,Geography Popup - Zoom in,261,22,29.7,1.5,2,0.87,0.090909091,3,3,1
1215,1,Check Breach Issues,215,31,39.68,2.375,3,1.98,0.096774194,3,3,1
1202,1,ROC Details Excel Export,202,188,188,1.2,11,4.45,0.058510638,3,1,1
1217,1,RCM Management,217,54,71.82,1.2,3,1.5,0.055555556,1,3,1
1204,1,Geography Popup - Zoom out,204,184,195.04,1.5,13,4.1,0.070652174,1,3,1
1169,1,Merlin vs Seqel Tree,169,37,42.55,1.5,3,2.75,0.081081081,2,3,1
1169,1,Add Issue to ROC,169,156,166.92,0.3,2,2.8,0.012820513,2,3,1
1181,1,Skiee vs Seq Breach Excel,181,163,166.26,1.2,9,3.2,0.055214724,1,2,1
1194,1,Maps>=250 Data Tree Submit,194,67,77.72,3.3,11,3.95,0.164179104,3,3,1
1172,1,TTS Feed Processing & loading into DB,172,41,42.64,3.3,6,4.2,0.146341463,2,1,0
1227,1,Ack Matching Report,227,180,199.8,0.6,5,4.3,0.027777778,2,1,1
1186,1,ROC Loss Details Send Email,186,113,120.91,2.375,11,1.56,0.097345133,2,3,1
1180,1,ROI vs TTS Recon Tree,180,36,38.52,3.8,6,2.98,0.166666667,3,2,1
2261,2,Geography Popup - Zoom in,261,175,183.75,0.6,5,0.87,0.041038961,3,2,1
2219,2,Maps>=250 Data Tree,219,48,61.44,1.775,4,4.6,0.070155038,1,1,0
2169,2,Add Issue to ROC,169,22,29.04,2.4,5,2.8,0.184382284,2,2,1
2229,2,Merlin vs Seqel Breach Excel,229,68,85.68,1.2,4,3.6,0.073374613,2,2,1
2227,2,Ack Matching Report,227,149,186.25,0.6,4,4.3,0.027032066,1,1,0
2202,2,ROC Details Excel Export,202,26,37.18,4.1,5,4.45,0.165548281,1,0,1
2191,2,Maps>=250 Data Tree Edit,191,58,70.76,0.3,1,4.1,0.033995123,3,1,0
2203,2,Maps>=250 Data Tree Add Rows,203,166,237.38,1.475,12,1.65,0.066164659,2,3,1
2172,2,TTS Feed Processing & loading into DB,172,56,60.48,0.6,2,4.2,0.057839721,2,3,1
2194,2,Maps>=250 Data Tree Submit,194,9,10.17,2.7,2,3.95,0.210613598,2,2,1
2186,2,ROC Loss Details Send Email,186,77,110.88,1.175,4,1.56,0.061027468,1,0,0
2215,2,Check Breach Issues,215,172,201.24,1.475,11,1.98,0.070517629,2,1,0
2160,2,Money Transaction Export,160,12,17.88,1.775,1,2.2,0.083122363,3,2,1
2169,2,Merlin vs Seqel Tree,169,93,111.6,0.3,2,2.75,0.033420517,3,0,0
2181,2,Skiee vs Seq Breach Excel,181,167,223.78,2.7,22,3.2,0.116432166,2,3,1
2217,2,RCM Management,217,117,135.72,1.175,6,1.5,0.052136752,2,0,0
2154,2,Geography Popup - Mark up,154,104,133.12,1.775,9,3.67,0.07548077,2,1,1
2204,2,Geography Popup - Zoom out,204,25,35.5,1.5,2,4.1,0.078130435,2,3,1
2162,2,Breach Details Send Email,162,41,44.69,1.5,3,0.66,0.063664791,2,1,1
2180,2,ROI vs TTS Recon Tree,180,5,5.85,0.3,0,2.98,0.033333333,0,0,0
3162,3,Breach Details Send Email,162,64,90.24,2.4,7,0.66,0.093760749,2,1,1
3154,3,Geography Popup - Mark up,154,173,207.6,0.3,3,3.67,0.03257142,3,3,1
3160,3,Money Transaction Export,160,10,14.5,1.775,0,2.2,0.024894515,0,0,0
3191,3,Maps>=250 Data Tree Edit,191,185,249.75,0.3,3,4.1,0.024900637,1,3,1
3180,3,ROI vs TTS Recon Tree,180,69,90.39,1.2,4,2.98,0.057246377,1,3,1
3219,3,Maps>=250 Data Tree,219,160,163.2,1.5,11,4.6,0.066535853,2,0,0
3227,3,Ack Matching Report,227,174,233.16,4.4,37,4.3,0.15699748,3,0,1
3215,3,Check Breach Issues,215,54,63.72,0.9,2,1.98,0.048394043,2,3,1
3202,3,ROC Details Excel Export,202,28,37.24,0.9,2,4.45,0.094312602,1,1,0
3186,3,ROC Loss Details Send Email,186,195,278.85,0.9,8,1.56,0.048842072,3,2,1
3181,3,Skiee vs Seq Breach Excel,181,27,37.53,0.6,1,3.2,0.057794704,3,2,1
3169,3,Merlin vs Seqel Tree,169,128,142.08,1.2,7,2.75,0.050690433,3,2,1
3194,3,Maps>=250 Data Tree Submit,194,176,188.32,0.6,5,3.95,0.080748719,2,2,1
3204,3,Geography Popup - Zoom out,204,144,192.96,2.075,13,4.1,0.086259662,2,0,0
3172,3,TTS Feed Processing & loading into DB,172,97,108.64,2.075,9,4.2,0.086725457,1,0,0
3169,3,Add Issue to ROC,169,32,40,0.9,2,2.8,0.090486597,3,2,1
3229,3,Merlin vs Seqel Breach Excel,229,148,177.6,3,18,3.6,0.110057736,2,1,1
3261,3,Geography Popup - Zoom in,261,38,49.78,0.6,1,0.87,0.033226247,2,3,1
3203,3,Maps>=250 Data Tree Add Rows,203,161,189.98,0.6,4,1.65,0.036015802,1,0,0
3217,3,RCM Management,217,85,86.7,1.175,4,1.5,0.048753143,2,3,1
4162,4,Breach Details Send Email,162,34,47.26,1.2,2,0.66,0.070368544,1,3,1
4261,4,Geography Popup - Zoom in,261,200,202,2.375,21,0.87,0.081620301,1,0,0
4217,4,RCM Management,217,115,129.95,1.775,10,1.5,0.075409535,2,3,1
4215,4,Check Breach Issues,215,116,140.36,1.775,9,1.98,0.068113101,3,2,1
4186,4,ROC Loss Details Send Email,186,32,40.32,0.9,2,1.56,0.057149933,1,2,1
4204,4,Geography Popup - Zoom out,204,186,247.38,3.6,30,4.1,0.138958782,3,2,1
4229,4,Merlin vs Seqel Breach Excel,229,102,137.7,2.4,12,3.6,0.112559619,2,2,1
4191,4,Maps>=250 Data Tree Edit,191,114,160.74,1.5,8,4.1,0.054090188,2,1,0
4181,4,Skiee vs Seq Breach Excel,181,166,166,1.175,9,3.2,0.058532867,2,0,0
4160,4,Money Transaction Export,160,115,124.2,3.3,17,2.2,0.111811594,1,1,0
4169,4,Merlin vs Seqel Tree,169,37,38.11,1.475,3,2.75,0.069844794,2,1,1
4203,4,Maps>=250 Data Tree Add Rows,203,166,234.06,1.775,12,1.65,0.06280027,3,1,1
4180,4,ROI vs TTS Recon Tree,180,131,189.95,1.175,7,2.98,0.048998783,2,3,1
4194,4,Maps>=250 Data Tree Submit,194,131,167.68,1.175,7,3.95,0.065308621,3,3,1
4172,4,TTS Feed Processing & loading into DB,172,167,170.34,1.175,9,4.2,0.059852681,2,0,0
4227,4,Ack Matching Report,227,100,100,0.9,4,4.3,0.073213299,3,1,1
4202,4,ROC Details Excel Export,202,122,158.6,1.2,7,4.45,0.073680418,2,0,1
4219,4,Maps>=250 Data Tree,219,73,79.57,3,9,4.6,0.108384703,2,3,1
5219,5,Maps>=250 Data Tree,219,56,70.56,0.9,3,4.6,0.069032535,3,3,1
5261,5,Geography Popup - Zoom in,261,124,186,2.075,12,0.87,0.091373515,1,3,1
5172,5,TTS Feed Processing & loading into DB,172,14,19.04,2.075,1,4.2,0.070056793,2,1,0
5204,5,Geography Popup - Zoom out,204,117,147.42,0.9,5,4.1,0.071200373,1,1,0
5203,5,Maps>=250 Data Tree Add Rows,203,156,209.04,1.775,13,1.65,0.075275637,2,2,1
5181,5,Skiee vs Seq Breach Excel,181,117,155.61,2.7,14,3.2,0.098307761,3,2,1
5227,5,Ack Matching Report,227,46,53.82,1.2,3,4.3,0.074916542,2,2,1
5191,5,Maps>=250 Data Tree Edit,191,12,12.24,0.9,0,4.1,0.015656709,0,0,1
5217,5,RCM Management,217,182,245.7,1.175,9,1.5,0.056712571,1,1,0
5162,5,Breach Details Send Email,162,109,122.08,0.3,2,0.66,0.035546243,2,0,0
5169,5,Add Issue to ROC,169,183,199.47,2.7,21,2.8,0.115555141,1,2,1
5180,5,ROI vs TTS Recon Tree,180,36,36.36,0.9,2,2.98,0.055373014,1,1,1
5215,5,Check Breach Issues,215,61,78.69,0.9,3,1.98,0.053647175,1,3,1
5154,5,Geography Popup - Mark up,154,122,143.96,2.7,14,3.67,0.092449923,3,0,1
5194,5,Maps>=250 Data Tree Submit,194,136,150.96,1.475,10,3.95,0.064998521,3,1,1
5202,5,ROC Details Excel Export,202,93,114.39,3,13,4.45,0.116467729,3,2,1
5160,5,Money Transaction Export,160,7,8.19,2.375,0,2.2,0.029565217,0,0,0
6261,6,Geography Popup - Zoom in,261,7,10.08,1.5,0,0.87,0.029854839,0,0,0
6227,6,Ack Matching Report,227,112,129.92,0.9,5,4.3,0.048293478,3,3,1
6219,6,Maps>=250 Data Tree,219,76,91.96,0.3,1,4.6,0.032253579,2,1,0
6172,6,TTS Feed Processing & loading into DB,172,96,127.68,2.7,11,4.2,0.099883269,1,1,1
6204,6,Geography Popup - Zoom out,204,97,145.5,4.1,18,4.1,0.154572948,3,0,1
6194,6,Maps>=250 Data Tree Submit,194,152,228,0.6,4,3.95,0.038470446,1,0,0
6229,6,Merlin vs Seqel Breach Excel,229,116,148.48,1.475,8,3.6,0.083967436,1,1,1
6191,6,Maps>=250 Data Tree Edit,191,50,59.5,1.475,3,4.1,0.049017544,2,0,1
6202,6,ROC Details Excel Export,202,23,25.53,3.6,4,4.45,0.155433824,3,1,1
6186,6,ROC Loss Details Send Email,186,182,202.02,0.6,5,1.56,0.035833333,2,1,1
6215,6,Check Breach Issues,215,95,129.2,2.075,8,1.98,0.076542055,3,0,1
6169,6,Merlin vs Seqel Tree,169,174,250.56,0.6,5,2.75,0.041799909,2,1,0
6154,6,Geography Popup - Mark up,154,91,127.4,1.5,6,3.67,0.07083877,2,2,1
6180,6,ROI vs TTS Recon Tree,180,167,215.43,2.7,19,2.98,0.096095341,3,0,1
6169,6,Add Issue to ROC,169,46,59.8,0.6,2,2.8,0.059635602,1,0,0
7215,7,Check Breach Issues,215,41,59.45,1.2,2,1.98,0.05590648,1,2,1
7169,7,Add Issue to ROC,169,89,104.13,0.6,3,2.8,0.043766568,3,3,1
7219,7,Maps>=250 Data Tree,219,142,144.84,2.4,14,4.6,0.077002806,2,0,0
7162,7,Breach Details Send Email,162,14,16.8,0.6,0,0.66,0.009552078,0,0,0
7154,7,Geography Popup - Mark up,154,26,28.86,2.4,3,3.67,0.105431454,1,3,1
7204,7,Geography Popup - Zoom out,204,81,108.54,2.375,8,4.1,0.110522709,3,0,1
7229,7,Merlin vs Seqel Breach Excel,229,114,117.42,2.4,11,3.6,0.093101669,3,0,1
7203,7,Maps>=250 Data Tree Add Rows,203,34,41.14,1.775,3,1.65,0.085660288,1,2,1
7194,7,Maps>=250 Data Tree Submit,194,142,198.8,0.6,4,3.95,0.032334409,2,1,0
7261,7,Geography Popup - Zoom in,261,152,177.84,1.2,9,0.87,0.051124788,2,2,1
7202,7,ROC Details Excel Export,202,167,198.73,1.175,9,4.45,0.086485654,2,0,0
7181,7,Skiee vs Seq Breach Excel,181,165,178.2,1.475,11,3.2,0.076019978,1,0,0
7186,7,ROC Loss Details Send Email,186,154,155.54,3,20,1.56,0.102653596,2,2,1
7217,7,RCM Management,217,30,32.7,1.5,2,1.5,0.065252429,2,3,1
7172,7,TTS Feed Processing & loading into DB,172,35,44.8,1.5,3,4.2,0.090059524,2,2,1
8169,8,Add Issue to ROC,169,106,118.72,1.2,6,2.8,0.050712041,2,2,1
8204,8,Geography Popup - Zoom out,204,109,162.41,0.3,2,4.1,0.051153824,1,3,1
8162,8,Breach Details Send Email,162,52,71.24,0.6,2,0.66,0.028757939,1,2,1
8172,8,TTS Feed Processing & loading into DB,172,25,36.5,1.775,2,4.2,0.084601191,1,3,1
8181,8,Skiee vs Seq Breach Excel,181,103,129.78,2.075,9,3.2,0.086464194,1,1,0
8261,8,Geography Popup - Zoom in,261,154,157.08,0.3,2,0.87,0.020933014,3,0,1
8219,8,Maps>=250 Data Tree,219,20,28.2,0.6,1,4.6,0.056034099,2,3,1
8191,8,Maps>=250 Data Tree Edit,191,154,174.02,1.175,9,4.1,0.052909091,3,1,1
8202,8,ROC Details Excel Export,202,8,8,0.9,0,4.45,0.028169748,0,0,0
8227,8,Ack Matching Report,227,55,81.95,1.775,4,4.3,0.066359402,3,1,1
8229,8,Merlin vs Seqel Breach Excel,229,91,99.19,1.175,5,3.6,0.064656336,3,2,1
8203,8,Maps>=250 Data Tree Add Rows,203,92,92.92,0.3,2,1.65,0.041197783,2,3,1
8169,8,Merlin vs Seqel Tree,169,126,166.32,0.6,4,2.75,0.036077457,3,3,1
8180,8,ROI vs TTS Recon Tree,180,23,33.81,2.075,3,2.98,0.119614395,2,1,1
8160,8,Money Transaction Export,160,88,130.24,0.6,3,2.2,0.038646245,1,0,0
8217,8,RCM Management,217,195,261.3,2.075,17,1.5,0.079304029,1,0,0
8215,8,Check Breach Issues,215,151,161.57,1.775,11,1.98,0.069170528,3,2,1
8194,8,Maps>=250 Data Tree Submit,194,76,77.52,3,11,3.95,0.109581171,3,3,1
9169,9,Merlin vs Seqel Tree,169,79,114.55,1.775,7,2.75,0.071248086,2,2,1
9160,9,Money Transaction Export,160,5,6.15,2.4,1,2.2,0.146818182,3,1,1
9202,9,ROC Details Excel Export,202,171,179.55,2.075,17,4.45,0.074979865,3,3,1
9217,9,RCM Management,217,169,199.42,0.6,5,1.5,0.044812623,2,2,1
9181,9,Skiee vs Seq Breach Excel,181,159,232.14,1.475,10,3.2,0.068167552,2,0,0
9191,9,Maps>=250 Data Tree Edit,191,132,175.56,0.9,5,4.1,0.044203463,2,3,1
9194,9,Maps>=250 Data Tree Submit,194,158,170.64,0.3,2,3.95,0.040625029,3,3,1
9162,9,Breach Details Send Email,162,67,77.72,1.475,4,0.66,0.049483353,1,2,1
9261,9,Geography Popup - Zoom in,261,176,253.44,1.475,12,0.87,0.056245728,3,1,0
9169,9,Add Issue to ROC,169,164,186.96,0.6,4,2.8,0.031764712,3,3,1
9180,9,ROI vs TTS Recon Tree,180,14,16.24,0.6,0,2.98,0.037464202,0,0,0
9172,9,TTS Feed Processing & loading into DB,172,101,102.01,0.9,4,1.2,0.052294201,1,1,1
9229,9,Merlin vs Seqel Breach Excel,229,111,111,1.475,8,3.6,0.071088584,2,0,1
9186,9,ROC Loss Details Send Email,186,57,73.53,1.775,5,1.56,0.090124787,2,1,0
9227,9,Ack Matching Report,227,132,137.28,1.5,8,4.3,0.061433983,3,2,1
10191,10,Maps>=250 Data Tree Edit,191,27,32.67,0.6,1,4.1,0.039345839,2,0,0
10261,10,Geography Popup - Zoom in,261,96,119.04,5,24,0.87,0.189935065,1,3,1
10172,10,TTS Feed Processing & loading into DB,172,45,45,2.075,4,4.2,0.078143014,1,1,0
10194,10,Maps>=250 Data Tree Submit,194,193,214.23,2.375,22,3.95,0.096798076,3,1,0
10181,10,Skiee vs Seq Breach Excel,181,32,46.4,3.3,5,3.2,0.130691481,1,0,1
10162,10,Breach Details Send Email,162,77,100.87,2.075,7,0.66,0.079422816,1,0,0
10169,10,Add Issue to ROC,169,23,32.66,1.775,4,2.8,0.132277556,3,0,1
10180,10,ROI vs TTS Recon Tree,180,151,221.97,0.6,4,2.98,0.031586525,3,0,1
10229,10,Merlin vs Seqel Breach Excel,229,176,227.04,1.775,15,3.6,0.079568011,2,0,0
10169,10,Merlin vs Seqel Tree,169,155,192.2,0.3,2,2.75,0.02992838,2,0,1
10217,10,RCM Management,217,193,214.23,1.2,11,1.5,0.054531482,1,3,1
10203,10,Maps>=250 Data Tree Add Rows,203,102,121.38,0.6,3,1.65,0.033759591,2,1,0
10160,10,Money Transaction Export,160,136,140.08,1.2,7,2.2,0.079438503,3,2,1
10186,10,ROC Loss Details Send Email,186,146,186.88,1.5,10,1.56,0.078476078,1,1,1
10215,10,Check Breach Issues,215,32,36.8,0.6,1,1.98,0.041322585,2,0,0
10219,10,Maps>=250 Data Tree,219,175,199.5,1.2,9,4.6,0.055859155,1,0,1
11261,11,Geography Popup - Zoom in,261,54,57.78,1.775,4,0.87,0.108670034,1,0,0
11160,11,Money Transaction Export,160,181,184.62,1.2,10,2.2,0.068968151,2,2,1
11215,11,Check Breach Issues,215,191,282.68,2.7,24,1.98,0.101492883,1,2,1
11162,11,Breach Details Send Email,162,128,167.68,0.3,2,0.66,0.035089468,3,2,1
11169,11,Merlin vs Seqel Tree,169,42,48.3,0.3,1,2.75,0.028108072,2,0,1
11203,11,Maps>=250 Data Tree Add Rows,203,30,39.6,0.3,1,1.65,0.031389599,3,2,1
11204,11,Geography Popup - Zoom out,204,111,113.22,0.6,3,4.1,0.032465187,3,3,1
11202,11,ROC Details Excel Export,202,26,35.62,4.1,5,4.45,0.154498425,3,2,1
11180,11,ROI vs TTS Recon Tree,180,166,185.92,0.6,4,2.98,0.022165483,3,3,1
11217,11,RCM Management,217,13,19.24,3.6,3,1.5,0.175896005,3,3,1
11194,11,Maps>=250 Data Tree Submit,194,13,19.11,1.475,0,3.95,0.02406375,0,0,0
11229,11,Merlin vs Seqel Breach Excel,229,27,29.16,0.9,1,3.6,0.050178588,1,1,0
11227,11,Ack Matching Report,227,147,176.4,0.6,4,4.3,0.038441558,3,2,1
11172,11,TTS Feed Processing & loading into DB,172,176,223.52,0.9,7,4.2,0.049579083,1,2,1
11154,11,Geography Popup - Mark up,154,168,228.48,1.2,9,3.67,0.06717033,2,0,0
11186,11,ROC Loss Details Send Email,186,85,124.1,0.6,3,1.56,0.047176443,2,1,1
11169,11,Add Issue to ROC,169,155,215.45,0.9,6,2.8,0.064318407,2,0,1
11181,11,Skiee vs Seq Breach Excel,181,60,88.2,1.2,3,3.2,0.072539308,2,0,1
11191,11,Maps>=250 Data Tree Edit,191,24,34.56,4.7,4,4.1,0.127861953,3,1,1
11219,11,Maps>=250 Data Tree,219,29,29.29,0.6,1,4.6,0.039423646,2,2,1
12217,12,RCM Management,217,87,120.93,0.3,2,1.5,0.067945282,3,3,1
12215,12,Check Breach Issues,215,112,124.32,2.7,14,1.98,0.11575589,1,2,1
12154,12,Geography Popup - Mark up,154,120,127.2,0.9,5,3.67,0.051419414,1,3,1
12169,12,Add Issue to ROC,169,29,40.89,3,4,2.8,0.121684964,2,3,1
12172,12,TTS Feed Processing & loading into DB,172,76,77.52,1.5,5,4.2,0.062896066,1,3,1
12204,12,Geography Popup - Zoom out,204,184,198.72,0.3,3,4.1,0.018653311,3,1,1
12194,12,Maps>=250 Data Tree Submit,194,109,144.97,1.5,7,3.95,0.056353092,3,0,1
12169,12,Merlin vs Seqel Tree,169,77,103.95,1.475,5,2.75,0.051506773,3,3,1
12191,12,Maps>=250 Data Tree Edit,191,160,179.2,0.6,4,4.1,0.054537037,3,1,1
12202,12,ROC Details Excel Export,202,78,103.74,3.3,11,4.45,0.147121008,2,2,1
12180,12,ROI vs TTS Recon Tree,180,31,42.47,1.5,2,2.98,0.052629574,3,1,1
12186,12,ROC Loss Details Send Email,186,64,69.76,2.7,7,1.56,0.090470639,2,3,1
12181,12,Skiee vs Seq Breach Excel,181,27,32.67,1.2,2,3.2,0.077476852,3,0,0
12162,12,Breach Details Send Email,162,99,108.9,2.375,10,0.66,0.08292298,1,2,1
12229,12,Merlin vs Seqel Breach Excel,229,47,47,1.475,3,3.6,0.060610986,2,1,1
12261,12,Geography Popup - Zoom in,261,87,95.7,2.375,9,0.87,0.112228608,1,1,1
12227,12,Ack Matching Report,227,114,168.72,2.375,12,4.3,0.085186994,1,0,0
13162,13,Breach Details Send Email,162,58,66.7,2.075,6,0.66,0.094178313,3,2,1
13180,13,ROI vs TTS Recon Tree,180,186,262.26,1.2,9,2.98,0.049183832,2,0,1
13169,13,Merlin vs Seqel Tree,169,24,27.36,0.3,0,2.75,0.015367965,0,0,0
13154,13,Geography Popup - Mark up,154,81,96.39,0.6,2,3.67,0.030974427,3,3,1
13227,13,Ack Matching Report,227,145,158.05,1.2,7,4.3,0.057566823,2,3,1
13217,13,RCM Management,217,117,138.06,1.5,8,1.5,0.075537872,3,3,1
13261,13,Geography Popup - Zoom in,261,135,145.8,1.2,8,0.87,0.069578544,2,0,0
13160,13,Money Transaction Export,160,133,183.54,1.775,11,2.2,0.07409152,1,3,1
13229,13,Merlin vs Seqel Breach Excel,229,38,45.22,2.375,4,3.6,0.090153872,2,0,0
13202,13,ROC Details Excel Export,202,108,155.52,0.3,2,4.45,0.060398861,3,0,1
13219,13,Maps>=250 Data Tree,219,106,106,2.075,9,4.6,0.071473371,3,2,1
13181,13,Skiee vs Seq Breach Excel,181,159,203.52,0.6,4,3.2,0.037424878,1,3,1
13203,13,Maps>=250 Data Tree Add Rows,203,98,103.88,1.475,6,1.65,0.052464986,2,3,1
13186,13,ROC Loss Details Send Email,186,30,44.4,1.775,3,1.56,0.095404412,1,2,1
13215,13,Check Breach Issues,215,133,176.89,1.5,9,1.98,0.084933866,3,0,1
13194,13,Maps>=250 Data Tree Submit,194,36,40.32,0.6,1,3.95,0.032288481,1,3,1
13191,13,Maps>=250 Data Tree Edit,191,164,224.68,1.5,12,4.1,0.072886179,3,3,1
14217,14,RCM Management,217,173,233.55,2.4,17,1.5,0.084760191,1,0,0
14160,14,Money Transaction Export,160,194,242.5,2.075,18,2.2,0.087014669,2,0,0
14169,14,Merlin vs Seqel Tree,169,142,188.86,0.3,2,2.75,0.016352661,1,2,1
14227,14,Ack Matching Report,227,33,39.93,1.2,2,4.3,0.062605731,3,0,1
14169,14,Add Issue to ROC,169,90,92.7,1.175,5,2.8,0.070346064,2,0,0
14191,14,Maps>=250 Data Tree Edit,191,130,135.2,2.075,12,4.1,0.081749531,1,3,1
14202,14,ROC Details Excel Export,202,156,166.92,3.6,25,4.45,0.129985755,1,2,1
14162,14,Breach Details Send Email,162,146,176.66,0.9,6,0.66,0.059557788,3,1,1
14194,14,Maps>=250 Data Tree Submit,194,115,167.9,0.6,3,3.95,0.030238444,1,3,1
14186,14,ROC Loss Details Send Email,186,114,161.88,0.9,5,1.56,0.061639254,3,0,1
14261,14,Geography Popup - Zoom in,261,178,254.54,1.2,9,0.87,0.057589938,1,3,1
14229,14,Merlin vs Seqel Breach Excel,229,189,253.26,0.9,8,3.6,0.05706524,2,0,1
14180,14,ROI vs TTS Recon Tree,180,51,70.38,2.375,5,2.98,0.084756484,1,2,1
14181,14,Skiee vs Seq Breach Excel,181,197,236.4,1.175,10,3.2,0.047971849,2,0,0
14154,14,Geography Popup - Mark up,154,193,200.72,0.9,8,3.67,0.038120482,1,0,0
14204,14,Geography Popup - Zoom out,204,186,199.02,1.2,11,4.1,0.047361422,2,1,1
14215,14,Check Breach Issues,215,43,64.5,1.175,3,1.98,0.074871044,3,1,1
14172,14,TTS Feed Processing & loading into DB,172,68,98.6,3.6,11,4.2,0.130370462,3,3,1
14203,14,Maps>=250 Data Tree Add Rows,203,32,34.24,1.775,3,1.65,0.081203231,1,3,1
14219,14,Maps>=250 Data Tree,219,190,199.5,3,24,4.6,0.10885046,1,1,1
15162,15,Breach Details Send Email,162,106,107.06,1.2,6,0.66,0.058186647,3,2,1
15180,15,ROI vs TTS Recon Tree,180,66,93.06,2.375,7,2.98,0.098688977,3,0,1
15219,15,Maps>=250 Data Tree,219,65,72.15,3.3,9,4.6,0.1306768,3,0,1
15261,15,Geography Popup - Zoom in,261,116,156.6,1.175,6,0.87,0.052245182,1,1,0
15169,15,Add Issue to ROC,169,80,107.2,0.3,1,2.8,0.033654215,3,3,1
15194,15,Maps>=250 Data Tree Submit,194,164,198.44,3.6,24,3.95,0.110434193,3,1,1
15215,15,Check Breach Issues,215,75,99,0.6,2,1.98,0.039387073,2,2,1
15217,15,RCM Management,217,104,141.44,0.6,3,1.5,0.046683094,1,0,0
15169,15,Merlin vs Seqel Tree,169,21,27.3,2.4,1,2.75,0.036150235,3,0,1
15172,15,TTS Feed Processing & loading into DB,172,110,110,1.2,6,4.2,0.077113707,3,3,1
15181,15,Skiee vs Seq Breach Excel,181,30,44.1,3.6,5,3.2,0.129334674,2,2,1
15154,15,Geography Popup - Mark up,154,79,103.49,0.3,1,3.67,0.019620051,3,0,1
15191,15,Maps>=250 Data Tree Edit,191,74,108.78,0.9,3,4.1,0.05415699,1,1,1
15229,15,Merlin vs Seqel Breach Excel,229,130,171.6,1.175,7,3.6,0.056684232,3,3,1
15204,15,Geography Popup - Zoom out,204,60,78,1.2,3,4.1,0.048458392,2,1,1
15203,15,Maps>=250 Data Tree Add Rows,203,103,147.29,4.7,23,1.65,0.181183129,3,1,1
15227,15,Ack Matching Report,227,60,69.6,1.475,4,4.3,0.063615465,2,2,1
16261,16,Geography Popup - Zoom in,261,115,151.8,0.6,3,0.87,0.033661877,2,1,1
16204,16,Geography Popup - Zoom out,204,173,197.22,1.475,11,4.1,0.060422649,2,2,1
16186,16,ROC Loss Details Send Email,186,41,45.51,2.375,4,1.56,0.087064613,1,3,1
16180,16,ROI vs TTS Recon Tree,180,74,91.76,1.775,6,2.98,0.0877728,1,2,1
16215,16,Check Breach Issues,215,60,83.4,2.075,6,1.98,0.082310078,2,0,1
16181,16,Skiee vs Seq Breach Excel,181,185,259,1.175,10,3.2,0.076247313,3,0,1
16169,16,Add Issue to ROC,169,195,198.9,0.9,8,2.8,0.036773504,3,0,1
16229,16,Merlin vs Seqel Breach Excel,229,168,181.44,2.375,19,3.6,0.094168702,1,2,1
16169,16,Merlin vs Seqel Tree,169,132,159.72,0.6,4,2.75,0.032144381,1,1,0
16154,16,Geography Popup - Mark up,154,107,127.33,0.3,2,3.67,0.019760836,1,0,1
16217,16,RCM Management,217,9,9.09,1.775,0,1.5,0.01559582,0,0,0
16160,16,Money Transaction Export,160,78,95.94,3.6,13,2.2,0.143494045,2,0,1
16202,16,ROC Details Excel Export,202,89,115.7,1.2,5,4.45,0.073228976,2,3,1
16191,16,Maps>=250 Data Tree Edit,191,96,119.04,5,24,4.1,0.192338877,3,2,1
16227,16,Ack Matching Report,227,87,124.41,0.6,3,4.3,0.043531871,3,1,1
16219,16,Maps>=250 Data Tree,219,95,97.85,1.5,6,4.6,0.084534413,3,3,1
17261,17,Geography Popup - Zoom in,261,16,18.72,3.3,5,0.87,0.229139805,2,2,1
17186,17,ROC Loss Details Send Email,186,188,265.08,3,25,1.56,0.116983266,1,0,1
17203,17,Maps>=250 Data Tree Add Rows,203,158,222.78,1.5,11,1.65,0.102769371,2,0,0
17169,17,Merlin vs Seqel Tree,169,199,260.69,1.2,10,2.75,0.04599839,3,3,1
17169,17,Add Issue to ROC,169,30,37.5,1.2,2,2.8,0.056121795,3,1,1
17204,17,Geography Popup - Zoom out,204,55,71.5,1.2,3,2.1,0.055898582,2,3,1
17160,17,Money Transaction Export,160,125,171.25,1.175,7,2.2,0.081811684,2,1,1
17219,17,Maps>=250 Data Tree,219,184,193.2,3.6,29,4.6,0.13680382,3,2,1
17180,17,ROI vs TTS Recon Tree,180,7,7.63,0.3,0,2.98,0.026822277,0,0,0
17172,17,TTS Feed Processing & loading into DB,172,135,179.55,2.075,14,4.2,0.099678154,2,3,1
17194,17,Maps>=250 Data Tree Submit,194,65,87.75,0.6,2,3.95,0.05341545,3,3,1
17227,17,Ack Matching Report,227,200,278,2.7,24,4.3,0.097563219,3,0,1
17229,17,Merlin vs Seqel Breach Excel,229,164,164,1.175,9,3.6,0.066418297,2,2,1
17215,17,Check Breach Issues,215,174,236.64,2.075,15,1.98,0.083011495,2,0,1
17154,17,Geography Popup - Mark up,154,117,119.34,1.2,6,3.67,0.040901576,2,3,1
17202,17,ROC Details Excel Export,202,184,228.16,0.3,3,4.45,0.03867464,1,0,0
18261,18,Geography Popup - Zoom in,261,119,121.38,1.475,8,0.87,0.112167519,3,0,1
18169,18,Add Issue to ROC,169,175,175,0.6,5,2.8,0.037435898,3,3,1
18217,18,RCM Management,217,19,21.47,0.3,0,1.5,0.002884615,0,0,0
18203,18,Maps>=250 Data Tree Add Rows,203,93,108.81,2.7,12,1.65,0.126576728,3,2,1
18160,18,Money Transaction Export,160,78,95.16,1.175,4,2.2,0.063764102,2,1,1
18186,18,ROC Loss Details Send Email,186,143,147.29,2.7,17,1.56,0.119568626,1,3,1
18154,18,Geography Popup - Mark up,154,199,218.9,0.6,5,3.67,0.029713509,1,0,0
18162,18,Breach Details Send Email,162,153,194.31,0.3,2,0.66,0.02458067,2,2,1
18169,18,Merlin vs Seqel Tree,169,61,66.49,0.9,3,2.75,0.047506784,3,2,1
18180,18,ROI vs TTS Recon Tree,180,128,186.88,1.2,7,2.98,0.046389358,2,0,0
18229,18,Merlin vs Seqel Breach Excel,229,191,236.84,0.3,3,3.6,0.033279898,3,0,1
18202,18,ROC Details Excel Export,202,169,206.18,0.6,5,4.45,0.029588906,3,1,1
18181,18,Skiee vs Seq Breach Excel,181,86,103.2,3.6,15,3.2,0.149570501,3,0,1
18204,18,Geography Popup - Zoom out,204,53,67.84,2.4,6,4.1,0.096512755,1,1,0
18219,18,Maps>=250 Data Tree,219,90,98.1,3.3,13,4.6,0.13894864,2,2,1
18194,18,Maps>=250 Data Tree Submit,194,73,108.77,2.375,8,3.95,0.097500321,2,1,0
18191,18,Maps>=250 Data Tree Edit,191,174,208.8,1.5,13,4.1,0.106352905,3,0,1
18215,18,Check Breach Issues,215,152,226.48,2.4,18,1.98,0.110136117,3,3,1
18172,18,TTS Feed Processing & loading into DB,172,163,185.82,1.775,13,4.2,0.082023507,3,2,1
18227,18,Ack Matching Report,227,127,154.94,2.375,13,4.3,0.099101819,2,0,0
19169,19,Merlin vs Seqel Tree,169,168,203.28,0.9,7,2.75,0.044027858,3,3,1
19186,19,ROC Loss Details Send Email,186,143,184.47,1.5,9,1.56,0.08113004,3,2,1
19215,19,Check Breach Issues,215,187,205.7,2.4,21,1.98,0.110914526,1,2,1
19181,19,Skiee vs Seq Breach Excel,181,23,29.9,1.2,2,3.2,0.101158692,2,1,0
19194,19,Maps>=250 Data Tree Submit,194,145,168.2,1.475,10,3.95,0.073270593,3,3,1
19227,19,Ack Matching Report,227,134,140.7,0.9,6,4.3,0.063815724,2,3,1
19203,19,Maps>=250 Data Tree Add Rows,203,46,51.06,0.6,2,1.65,0.06320326,1,2,0
19172,19,TTS Feed Processing & loading into DB,172,28,33.6,1.175,2,4.2,0.07632129,3,1,1
19229,19,Merlin vs Seqel Breach Excel,229,142,193.12,1.2,7,3.6,0.043136209,2,2,1
19169,19,Add Issue to ROC,169,143,213.07,0.3,2,2.8,0.022171162,3,1,0
19191,19,Maps>=250 Data Tree Edit,191,192,236.16,1.2,10,4.1,0.076400862,1,0,0
19180,19,ROI vs TTS Recon Tree,180,122,143.96,3.6,19,2.98,0.119953894,3,0,1
19219,19,Maps>=250 Data Tree,219,152,221.92,1.475,9,4.6,0.086097127,2,2,0
19204,19,Geography Popup - Zoom out,204,39,54.6,0.3,1,4.1,0.046044773,1,3,1
19261,19,Geography Popup - Zoom in,261,96,116.16,3.6,17,0.87,0.168653711,1,2,1
19162,19,Breach Details Send Email,162,111,157.62,1.5,8,0.66,0.058725207,1,2,1
19160,19,Money Transaction Export,160,46,56.58,0.3,1,2.2,0.031073801,3,0,1
20261,20,Geography Popup - Zoom in,261,11,16.06,0.6,0,0.87,0.042139356,0,0,0
20191,20,Maps>=250 Data Tree Edit,191,13,15.99,1.775,0,4.1,0.017887931,0,0,0
20154,20,Geography Popup - Mark up,154,139,152.9,0.9,6,3.67,0.040369158,1,0,0
20203,20,Maps>=250 Data Tree Add Rows,203,170,244.8,1.2,9,1.65,0.058657701,3,1,1
20169,20,Add Issue to ROC,169,37,43.29,0.6,1,2.8,0.024573265,3,2,1
20180,20,ROI vs TTS Recon Tree,180,136,160.48,0.6,4,2.98,0.057204527,2,3,1
20162,20,Breach Details Send Email,162,120,128.4,1.2,7,0.66,0.056554937,2,0,0
20181,20,Skiee vs Seq Breach Excel,181,182,198.38,0.9,7,3.2,0.061756242,3,3,1
20169,20,Merlin vs Seqel Tree,169,63,92.61,1.2,4,2.75,0.05769581,2,0,0
20172,20,TTS Feed Processing & loading into DB,172,151,179.69,2.075,14,4.2,0.087161837,2,3,1
20194,20,Maps>=250 Data Tree Submit,194,91,133.77,0.6,3,3.95,0.047828931,2,0,0
20204,20,Geography Popup - Zoom out,204,123,172.2,2.375,13,4.1,0.0904327,1,0,0
20229,20,Merlin vs Seqel Breach Excel,229,200,278,2.075,18,3.6,0.074429836,2,1,1
20202,20,ROC Details Excel Export,202,170,173.4,0.3,3,4.45,0.019900536,3,3,1
20219,20,Maps>=250 Data Tree,219,115,144.9,0.3,2,4.6,0.038460462,1,3,1
20217,20,RCM Management,217,152,212.8,2.075,15,1.5,0.069078948,2,0,0
20227,20,Ack Matching Report,227,107,107,1.2,6,4.3,0.058443781,2,2,1
21191,21,Maps>=250 Data Tree Edit,191,148,158.36,1.175,7,4.1,0.038316441,2,3,1
21215,21,Check Breach Issues,215,105,141.75,0.6,3,1.98,0.054301999,2,3,1
21169,21,Merlin vs Seqel Tree,169,171,230.85,3.6,29,2.75,0.135578529,2,2,1
21160,21,Money Transaction Export,160,115,131.1,0.6,3,2.2,0.027736901,3,0,1
21169,21,Add Issue to ROC,169,184,217.12,2.7,20,2.8,0.082890963,3,0,1
21180,21,ROI vs TTS Recon Tree,180,9,10.98,0.6,0,2.98,0.021456124,0,0,0
21181,21,Skiee vs Seq Breach Excel,181,90,118.8,2.075,9,3.2,0.08638796,2,1,1
21217,21,RCM Management,217,112,150.08,1.2,6,1.5,0.057236843,3,1,1
21229,21,Merlin vs Seqel Breach Excel,229,13,14.82,2.075,0,3.6,0.022929578,0,0,0
21219,21,Maps>=250 Data Tree,219,20,23.2,1.475,1,4.6,0.044399313,2,3,1
21204,21,Geography Popup - Zoom out,204,175,232.75,1.175,9,4.1,0.059702314,2,2,1
21194,21,Maps>=250 Data Tree Submit,194,44,49.72,1.475,3,3.95,0.061217231,1,3,1
21162,21,Breach Details Send Email,162,145,171.1,0.9,6,0.66,0.047839391,1,1,0
21186,21,ROC Loss Details Send Email,186,92,107.64,1.5,6,1.56,0.070127698,1,3,1
21172,21,TTS Feed Processing & loading into DB,172,166,220.78,0.3,2,4.2,0.034119639,2,0,0
21203,21,Maps>=250 Data Tree Add Rows,203,18,23.58,1.2,2,1.65,0.092713839,2,2,1
21154,21,Geography Popup - Mark up,154,158,197.5,0.3,2,3.67,0.020006416,2,3,1
21202,21,ROC Details Excel Export,202,50,67.5,1.475,3,4.45,0.048487992,2,1,0
21261,21,Geography Popup - Zoom in,261,172,178.88,3.3,26,0.87,0.123522287,2,0,1
21227,21,Ack Matching Report,227,64,90.88,0.6,2,4.3,0.037567565,1,2,1
22162,22,Breach Details Send Email,162,190,190,2.7,21,0.66,0.091477617,2,1,0
22215,22,Check Breach Issues,215,103,113.3,1.775,8,1.98,0.071313164,2,0,1
22169,22,Add Issue to ROC,169,83,89.64,0.3,1,2.8,0.032875568,1,3,1
22180,22,ROI vs TTS Recon Tree,180,12,15.48,2.075,2,2.98,0.119607843,2,1,1
22181,22,Skiee vs Seq Breach Excel,181,195,218.4,2.075,17,3.2,0.084871795,3,0,1
22154,22,Geography Popup - Mark up,154,134,179.56,1.475,9,3.67,0.053863118,1,2,1
22194,22,Maps>=250 Data Tree Submit,194,191,261.67,2.4,21,3.95,0.093896418,2,2,1
22160,22,Money Transaction Export,160,106,122.96,2.075,9,2.2,0.066825266,3,3,1
22219,22,Maps>=250 Data Tree,219,20,23.6,2.4,2,4.6,0.08173913,2,0,1
22217,22,RCM Management,217,45,50.4,2.4,5,1.5,0.098360485,1,0,1
22261,22,Geography Popup - Zoom in,261,138,155.94,1.175,8,0.87,0.070812268,1,1,0
22202,22,ROC Details Excel Export,202,55,57.75,1.5,4,4.45,0.064673797,2,3,1
22229,22,Merlin vs Seqel Breach Excel,229,97,126.1,2.375,10,3.6,0.081164949,1,2,1
22191,22,Maps>=250 Data Tree Edit,191,184,230,1.175,10,4.1,0.047502938,3,2,1
22204,22,Geography Popup - Zoom out,204,58,78.88,2.075,5,4.1,0.081199648,3,3,1
22172,22,TTS Feed Processing & loading into DB,172,82,86.1,1.2,4,4.2,0.045827503,1,0,0
22186,22,ROC Loss Details Send Email,186,33,38.61,2.7,4,1.56,0.104185669,1,0,0
22227,22,Ack Matching Report,227,7,9.52,1.5,1,4.3,0.111857477,2,3,1
23162,23,Breach Details Send Email,162,122,128.1,1.5,9,0.66,0.077882539,1,3,1
23261,23,Geography Popup - Zoom in,261,40,54,1.5,3,0.87,0.079210482,2,0,0
23203,23,Maps>=250 Data Tree Add Rows,203,190,195.7,1.475,14,1.65,0.079095288,2,1,1
23169,23,Add Issue to ROC,169,28,29.68,1.5,2,2.8,0.063279204,3,0,1
23160,23,Money Transaction Export,160,180,199.8,1.175,9,2.2,0.054589828,1,3,1
23180,23,ROI vs TTS Recon Tree,180,132,155.76,1.5,8,2.98,0.075757576,2,2,1
23186,23,ROC Loss Details Send Email,186,177,249.57,0.6,5,1.56,0.050538175,3,3,1
23194,23,Maps>=250 Data Tree Submit,194,72,78.48,0.3,1,3.95,0.038529933,1,2,0
23169,23,Merlin vs Seqel Tree,169,38,54.34,3.3,6,2.75,0.150793651,1,1,1
23181,23,Skiee vs Seq Breach Excel,181,81,100.44,1.2,4,3.2,0.062003799,2,2,1
23191,23,Maps>=250 Data Tree Edit,191,152,228,1.475,9,4.1,0.057046663,2,0,1
23154,23,Geography Popup - Mark up,154,143,183.04,3.3,22,3.67,0.122390966,2,3,1
23217,23,RCM Management,217,38,50.16,3.6,6,1.5,0.138105681,3,1,1
23227,23,Ack Matching Report,227,7,10.36,1.175,0,4.3,0.031696429,0,0,0
23204,23,Geography Popup - Zoom out,204,27,34.83,1.5,2,4.1,0.074236088,2,1,0
23229,23,Merlin vs Seqel Breach Excel,229,182,220.22,3.6,27,3.6,0.12446471,3,0,1
23219,23,Maps>=250 Data Tree,219,74,74.74,1.175,4,4.6,0.062837838,1,2,1
24261,24,Geography Popup - Zoom in,261,179,263.13,3.6,32,0.87,0.145936766,1,0,1
24203,24,Maps>=250 Data Tree Add Rows,203,61,72.59,2.375,7,1.65,0.106175822,1,3,1
24169,24,Merlin vs Seqel Tree,169,167,173.68,0.3,3,2.75,0.061112862,1,1,0
24215,24,Check Breach Issues,215,186,187.86,1.175,9,1.98,0.052262091,1,0,0
24180,24,ROI vs TTS Recon Tree,180,91,124.67,1.775,7,2.98,0.082634033,1,2,1
24154,24,Geography Popup - Mark up,154,32,36.8,2.075,3,3.67,0.103110649,3,3,1
24191,24,Maps>=250 Data Tree Edit,191,156,162.24,1.5,10,4.1,0.062148683,3,3,1
24202,24,ROC Details Excel Export,202,196,237.16,0.9,8,4.45,0.049116884,3,1,0
24169,24,Add Issue to ROC,169,69,82.8,1.5,5,2.8,0.066215171,1,1,1
24186,24,ROC Loss Details Send Email,186,37,44.4,1.5,3,1.56,0.074527686,3,1,1
24219,24,Maps>=250 Data Tree,219,13,17.29,3,1,4.6,0.074656965,2,0,1
24162,24,Breach Details Send Email,162,183,221.43,0.9,8,0.66,0.056407823,1,1,0
24194,24,Maps>=250 Data Tree Submit,194,35,42,2.4,4,3.95,0.093772542,3,3,1
24229,24,Merlin vs Seqel Breach Excel,229,104,130,1.5,7,3.6,0.087094992,1,1,0
24160,24,Money Transaction Export,160,30,38.1,3,4,2.2,0.111823899,1,2,1
24172,24,TTS Feed Processing & loading into DB,172,42,57.96,1.475,3,4.2,0.060960917,1,3,1
24204,24,Geography Popup - Zoom out,204,134,168.84,1.5,9,4.1,0.07045043,2,2,1
24217,24,RCM Management,217,100,117,2.7,11,1.5,0.119690059,3,3,1
24227,24,Ack Matching Report,227,21,30.03,0.6,0,4.3,0.014285714,0,0,0
24181,24,Skiee vs Seq Breach Excel,181,9,10.26,2.375,1,3.2,0.09637227,2,0,0
25186,25,ROC Loss Details Send Email,186,89,105.91,2.075,8,1.56,0.081962423,1,2,1
25203,25,Maps>=250 Data Tree Add Rows,203,128,143.36,1.175,7,1.65,0.068600491,2,3,1
25169,25,Merlin vs Seqel Tree,169,173,193.76,2.4,20,2.75,0.100307143,3,3,1
25154,25,Geography Popup - Mark up,154,60,73.2,1.2,3,3.67,0.069134615,2,1,0
25261,25,Geography Popup - Zoom in,261,38,54.34,3.3,6,0.87,0.153780506,1,2,1
25181,25,Skiee vs Seq Breach Excel,181,64,76.8,1.475,0,3.2,0.027160494,0,0,0
25194,25,Maps>=250 Data Tree Submit,194,96,135.36,1.175,5,3.95,0.060704365,2,1,1
25160,25,Money Transaction Export,160,22,30.36,1.475,2,2.2,0.09530303,3,3,1
25180,25,ROI vs TTS Recon Tree,180,181,188.24,3.3,24,2.98,0.114262901,1,0,1
25202,25,ROC Details Excel Export,202,176,184.8,1.775,14,4.45,0.071117811,3,3,1
25172,25,TTS Feed Processing & loading into DB,172,101,146.45,0.6,3,4.2,0.039955842,1,1,1
25169,25,Add Issue to ROC,169,137,167.14,1.475,9,2.8,0.067621012,3,2,1
25191,25,Maps>=250 Data Tree Edit,191,79,96.38,0.9,3,4.1,0.045323844,2,1,0
25162,25,Breach Details Send Email,162,106,128.26,2.7,13,0.66,0.101969275,1,2,1
25219,25,Maps>=250 Data Tree,219,172,182.32,2.4,17,4.6,0.089976067,1,0,0
25204,25,Geography Popup - Zoom out,204,134,134,0.9,5,4.1,0.046959646,2,1,0
25217,25,RCM Management,217,73,95.63,3.3,11,1.5,0.143268926,2,1,1
26202,26,ROC Details Excel Export,202,191,278.86,2.375,22,4.45,0.100618996,1,3,1
26217,26,RCM Management,217,196,225.4,3.3,27,1.5,0.137565558,2,1,0
26169,26,Merlin vs Seqel Tree,169,79,109.02,2.075,7,2.75,0.086943111,1,0,0
26181,26,Skiee vs Seq Breach Excel,181,12,12.72,2.4,0,3.2,0.011111111,0,0,0
26180,26,ROI vs TTS Recon Tree,180,82,112.34,3.6,14,2.98,0.15372384,2,2,1
26154,26,Geography Popup - Mark up,154,165,188.1,0.6,4,3.67,0.036344697,2,1,0
26229,26,Merlin vs Seqel Breach Excel,229,67,100.5,0.3,1,3.6,0.038744464,2,3,1
26204,26,Geography Popup - Zoom out,204,185,236.8,1.2,9,4.1,0.048233159,1,1,0
26203,26,Maps>=250 Data Tree Add Rows,203,33,38.94,1.5,2,1.65,0.064837153,2,2,1
26186,26,ROC Loss Details Send Email,186,82,98.4,0.3,1,1.56,0.034622222,1,1,0
26194,26,Maps>=250 Data Tree Submit,194,24,33.84,1.5,1,3.95,0.051011905,2,1,1
26169,26,Add Issue to ROC,169,138,179.4,3.6,24,2.8,0.142124193,1,0,1
26191,26,Maps>=250 Data Tree Edit,191,8,9.6,0.3,0,4.1,0.014005193,0,0,0
26261,26,Geography Popup - Zoom in,261,73,106.58,1.2,4,0.87,0.087812207,2,3,1
26162,26,Breach Details Send Email,162,38,54.72,1.475,3,0.66,0.084163044,2,3,1
26215,26,Check Breach Issues,215,46,57.04,0.9,2,1.98,0.047879192,2,1,0
26227,26,Ack Matching Report,227,159,233.73,4.7,32,4.3,0.140880503,2,2,1
26160,26,Money Transaction Export,160,191,248.3,0.6,5,2.2,0.049839759,1,0,0
26219,26,Maps>=250 Data Tree,219,153,153,1.775,11,4.6,0.077786547,3,1,1
26172,26,TTS Feed Processing & loading into DB,172,35,36.05,1.2,2,4.2,0.053083451,1,1,0
27217,27,RCM Management,217,197,222.61,0.3,3,1.5,0.053279412,1,1,0
27160,27,Money Transaction Export,160,99,139.59,0.3,2,2.2,0.028467925,2,0,0
27180,27,ROI vs TTS Recon Tree,180,198,213.84,0.6,5,2.98,0.065082777,1,3,1
27186,27,ROC Loss Details Send Email,186,115,158.7,0.9,5,1.56,0.041862571,2,0,0
27261,27,Geography Popup - Zoom in,261,165,181.5,1.2,8,0.87,0.060687772,1,1,0
27229,27,Merlin vs Seqel Breach Excel,229,168,231.84,1.5,11,3.6,0.055549177,1,2,0
27172,27,TTS Feed Processing & loading into DB,172,50,65.5,3,7,4.2,0.112398868,1,0,0
27169,27,Add Issue to ROC,169,148,152.44,0.3,2,2.8,0.050811412,2,1,0
27204,27,Geography Popup - Zoom out,204,80,98.4,2.4,9,4.1,0.092211073,2,2,1
27215,27,Check Breach Issues,215,21,21.84,1.2,0,1.98,0.013534362,0,0,0
27169,27,Merlin vs Seqel Tree,169,27,30.24,1.5,2,2.75,0.081134064,3,3,1
27194,27,Maps>=250 Data Tree Submit,194,23,23.46,3.3,6,3.95,0.196150362,2,1,1
27181,27,Skiee vs Seq Breach Excel,181,50,73,1.2,0,3.2,0,0,0,0
27191,27,Maps>=250 Data Tree Edit,191,5,6.15,2.075,1,4.1,0.143797468,3,0,1
27202,27,ROC Details Excel Export,202,81,81.81,3.3,11,4.45,0.126052923,3,0,1
27162,27,Breach Details Send Email,162,47,62.51,1.5,3,0.66,0.072734475,2,3,1
27154,27,Geography Popup - Mark up,154,185,242.35,0.6,5,3.67,0.028767404,1,0,1
27219,27,Maps>=250 Data Tree,219,146,154.76,1.5,9,4.6,0.067413491,2,2,1
27227,27,Ack Matching Report,227,107,144.45,1.2,6,4.3,0.079503909,3,1,1
27203,27,Maps>=250 Data Tree Add Rows,203,151,176.67,4.1,25,1.65,0.133484002,3,0,1
28261,28,Geography Popup - Zoom in,261,185,253.45,0.6,5,0.87,0.034095341,2,1,0
28219,28,Maps>=250 Data Tree,219,108,154.44,0.6,3,4.6,0.038962754,2,0,0
28162,28,Breach Details Send Email,162,41,50.02,0.9,2,0.66,0.054807036,1,1,0
28180,28,ROI vs TTS Recon Tree,180,43,50.31,2.075,4,2.98,0.087239955,1,3,1
28181,28,Skiee vs Seq Breach Excel,181,53,55.12,1.175,0,3.2,0,0,0,0
28229,28,Merlin vs Seqel Breach Excel,229,96,125.76,1.775,8,3.6,0.072921108,1,3,1
28203,28,Maps>=250 Data Tree Add Rows,203,167,240.48,0.9,7,1.65,0.068514507,2,3,1
28169,28,Add Issue to ROC,169,175,252,2.7,23,2.8,0.112094007,3,3,1
28194,28,Maps>=250 Data Tree Submit,194,180,181.8,0.6,5,3.95,0.075785024,1,0,0
28204,28,Geography Popup - Zoom out,204,77,101.64,0.6,2,4.1,0.045546683,1,3,1
28172,28,TTS Feed Processing & loading into DB,172,132,190.08,0.3,2,4.2,0.044320346,1,0,0
28160,28,Money Transaction Export,160,110,114.4,2.075,11,2.2,0.076658205,2,2,1
28215,28,Check Breach Issues,215,160,190.4,3,22,1.98,0.100597826,2,0,1
28217,28,RCM Management,217,142,154.78,2.375,14,1.5,0.08583528,3,3,1
28154,28,Geography Popup - Mark up,154,145,201.55,2.075,13,3.67,0.070588268,3,2,1
28169,28,Merlin vs Seqel Tree,169,12,17.16,1.2,0,2.75,0.023675574,0,0,0
28191,28,Maps>=250 Data Tree Edit,191,18,25.56,1.175,1,4.1,0.078888889,1,1,0
28227,28,Ack Matching Report,227,76,104.88,3,10,4.3,0.123446002,2,0,1
28202,28,ROC Details Excel Export,202,52,61.36,1.2,3,4.45,0.079063434,1,1,0
28186,28,ROC Loss Details Send Email,186,62,81.84,3,8,1.56,0.100237745,2,3,1
29261,29,Geography Popup - Zoom in,261,49,66.15,3.3,8,0.87,0.124539604,2,1,1
29217,29,RCM Management,217,150,199.5,1.5,10,1.5,0.067907819,2,2,1
29203,29,Maps>=250 Data Tree Add Rows,203,160,195.2,1.775,12,1.65,0.077439525,3,1,1
29215,29,Check Breach Issues,215,156,171.6,0.3,2,1.98,0.036474359,1,1,0
29180,29,ROI vs TTS Recon Tree,180,19,20.33,2.075,1,2.98,0.057972009,3,2,1
29229,29,Merlin vs Seqel Breach Excel,229,20,139.1,2.4,0,3.6,0.023214286,0,0,0
29169,29,Merlin vs Seqel Tree,169,118,158.12,3.6,20,2.75,0.126051475,1,1,1
29169,29,Add Issue to ROC,169,31,44.33,1.175,0,2.8,0.072798356,0,0,0
29194,29,Maps>=250 Data Tree Submit,194,85,127.5,1.5,6,3.95,0.081054277,3,3,1
29186,29,ROC Loss Details Send Email,186,47,50.29,1.775,4,1.56,0.089728746,1,0,0
29219,29,Maps>=250 Data Tree,219,44,51.48,5,9,4.6,0.154901758,2,2,1
29172,29,TTS Feed Processing & loading into DB,172,67,75.04,1.5,5,4.2,0.069269109,3,1,1
29162,29,Breach Details Send Email,162,55,62.15,1.175,3,0.66,0.054320895,2,1,0
29202,29,ROC Details Excel Export,202,63,71.19,1.2,4,4.45,0.069563153,1,3,1
29227,29,Ack Matching Report,227,112,154.56,3.3,18,4.3,0.144423266,3,0,1
29204,29,Geography Popup - Zoom out,204,23,25.53,1.2,0,4.1,0.016444805,0,0,0
29154,29,Geography Popup - Mark up,154,16,23.04,1.475,2,3.67,0.108133737,1,1,1
29160,29,Money Transaction Export,160,107,127.33,1.5,7,2.2,0.067814595,1,3,1
29191,29,Maps>=250 Data Tree Edit,191,185,214.6,2.4,20,4.1,0.106786787,3,2,1
30186,30,ROC Loss Details Send Email,186,64,80.64,1.5,4,1.56,0.073674502,2,3,1
30215,30,Check Breach Issues,215,125,147.5,1.2,7,1.98,0.055514103,1,1,0
30162,30,Breach Details Send Email,162,93,129.27,5,19,0.66,0.158797892,1,1,1
30169,30,Add Issue to ROC,169,45,189.95,3.6,0,2.8,0.132916312,0,0,1
30217,30,RCM Management,217,85,118.15,2.375,9,1.5,0.097310135,3,0,1
30202,30,ROC Details Excel Export,202,92,93.84,1.5,6,4.45,0.064119817,1,3,1
30181,30,Skiee vs Seq Breach Excel,181,35,36.4,0.9,2,3.2,0.04,1,3,1
30194,30,Maps>=250 Data Tree Submit,194,165,191.4,0.9,6,3.95,0.04234997,2,1,1
30227,30,Ack Matching Report,227,50,59.5,3.3,7,4.3,0.143300752,1,3,1
30180,30,ROI vs TTS Recon Tree,180,145,152.25,1.2,7,2.98,0.053621745,2,1,0
30204,30,Geography Popup - Zoom out,204,98,130.34,2.075,9,4.1,0.066883117,3,0,1
30219,30,Maps>=250 Data Tree,219,79,104.28,1.475,5,4.6,0.087990666,1,0,1
30229,30,Merlin vs Seqel Breach Excel,229,35,167.24,0.3,0,3.6,0.008333333,0,0,0
30169,30,Merlin vs Seqel Tree,169,141,197.4,1.775,12,2.75,0.093472773,3,0,1
30160,30,Money Transaction Export,160,162,173.34,0.3,2,2.2,0.031726088,1,0,0
30203,30,Maps>=250 Data Tree Add Rows,203,30,36.3,2.4,3,1.65,0.089191617,1,1,1
30261,30,Geography Popup - Zoom in,261,74,80.66,1.2,4,0.87,0.073193602,2,3,1
30172,30,TTS Feed Processing & loading into DB,172,110,155.1,4.4,21,4.2,0.150076888,3,2,1
30191,30,Maps>=250 Data Tree Edit,191,94,125.02,2.075,8,4.1,0.086751645,1,0,0
30154,30,Geography Popup - Mark up,154,123,134.07,1.775,9,3.67,0.08518503,2,2,1
31162,31,Breach Details Send Email,162,39,43.68,0.6,5,0.66,0.125641026,1,1,
31217,31,RCM Management,217,112,150.08,1.2,5,1.5,0.057236843,2,2,
