Release,Std release,Functionality Name,Functionality Num,Planned CP,Efforts (Days),Planned EPCP,Actual - EPCP,BaseLined EPCP (Productivity), Variance Risk  Factor,"Team Expertise (1:Expert, 5: below Avg)",Complexity Factor,Number of Defects,Defect Density,Count of prior release,Module complexity,Weighted mov defect density,Average Severity,Total Business Impact,Final Hotspot
1,1,Breach Details Send Email,162,39,43.68,0.63,0.47,1.12,0,2,0.6,1,0.025641026,0,0.66,0.025641026,1,0,0
1,1,Maps>=250 Data Tree Add Rows,203,192,220.8,1.22,0.83,1.15,0,3,0.9,8,0.041666667,0,1.65,0.041666667,2,3,1
1,1,Maps>=250 Data Tree Edit,191,99,143.55,1.29,1.5,1.45,1.25,4,2.075,10,0.101010101,0,4.1,0.101010101,3,1,0
1,1,Maps>=250 Data Tree,219,172,237.36,1.18,1.16,1.38,0,1,0.3,3,0.01744186,0,4.6,0.01744186,2,0,0
1,1,Money Transaction Export,160,158,230.68,1.15,1.62,1.46,1.25,3,1.775,13,0.082278481,0,2.2,0.082278481,2,3,1
1,1,Merlin vs Seqel Breach Excel,229,38,41.04,1.23,1.63,1.08,3,2,2.7,5,0.131578947,0,3.6,0.131578947,1,2,1
1,1,Geography Popup - Mark up,154,96,101.76,0.61,0.44,1.06,0,2,0.6,3,0.03125,0,3.67,0.03125,1,1,0
1,1,Geography Popup - Zoom in,261,22,29.7,1.84,1.35,1.35,0,5,1.5,2,0.090909091,0,0.87,0.090909091,3,3,1
1,1,Check Breach Issues,215,31,39.68,1.39,1.65,1.28,1.25,5,2.375,3,0.096774194,0,1.98,0.096774194,3,3,1
1,1,ROC Details Excel Export,202,188,188,0.97,0.66,1,0,4,1.2,11,0.058510638,0,4.45,0.058510638,3,1,1
1,1,RCM Management,217,54,71.82,1.78,1.31,1.33,0,4,1.2,3,0.055555556,0,1.5,0.055555556,1,3,1
1,1,Geography Popup - Zoom out,204,184,195.04,0.64,0.83,1.06,0,5,1.5,13,0.070652174,0,4.1,0.070652174,1,3,1
1,1,Merlin vs Seqel Tree,169,37,42.55,0.77,0.56,1.15,0,5,1.5,3,0.081081081,0,2.75,0.081081081,2,3,1
1,1,Add Issue to ROC,169,156,166.92,1.3,1.03,1.07,0,1,0.3,2,0.012820513,0,2.8,0.012820513,2,3,1
1,1,Skiee vs Seq Breach Excel,181,163,166.26,1.18,1,1.02,0,4,1.2,9,0.055214724,0,3.2,0.055214724,1,2,1
1,1,Maps>=250 Data Tree Submit,194,67,77.72,1.37,1.93,1.16,3,4,3.3,11,0.164179104,0,3.95,0.164179104,3,3,1
1,1,TTS Feed Processing & loading into DB,172,41,42.64,1.2,1.55,1.04,3,4,3.3,6,0.146341463,0,4.2,0.146341463,2,1,0
1,1,Ack Matching Report,227,180,199.8,0.76,0.96,1.11,0,2,0.6,5,0.027777778,0,4.3,0.027777778,2,1,1
1,1,ROC Loss Details Send Email,186,113,120.91,1.02,1.47,1.07,1.25,5,2.375,11,0.097345133,0,1.56,0.097345133,2,3,1
1,1,ROI vs TTS Recon Tree,180,36,38.52,1.52,2.14,1.07,5,1,3.8,6,0.166666667,0,2.98,0.166666667,3,2,1
2,1.7,Geography Popup - Zoom in,261,175,183.75,1.25,0.98,1.05,0,2,0.6,5,0.028571429,1,0.87,0.041038961,3,2,1
2,1.7,Maps>=250 Data Tree,219,48,61.44,1.72,1.52,1.28,1.25,3,1.775,4,0.083333333,1,4.6,0.070155038,1,1,0
2,1.7,Add Issue to ROC,169,22,29.04,1.75,2.03,1.32,3,1,2.4,5,0.227272727,1,2.8,0.184382284,2,2,1
2,1.7,Merlin vs Seqel Breach Excel,229,68,85.68,1.62,1.19,1.26,0,4,1.2,4,0.058823529,1,3.6,0.073374613,2,2,1
2,1.7,Ack Matching Report,227,149,186.25,1.36,1.02,1.25,0,2,0.6,4,0.026845638,1,4.3,0.027032066,1,1,0
2,1.7,ROC Details Excel Export,202,26,37.18,1.89,2.56,1.43,5,2,4.1,5,0.192307692,1,4.45,0.165548281,1,0,1
2,1.7,Maps>=250 Data Tree Edit,191,58,70.76,0.78,0.93,1.22,0,1,0.3,1,0.017241379,1,4.1,0.033995123,3,1,0
2,1.7,Maps>=250 Data Tree Add Rows,203,166,237.38,1.21,1.66,1.43,1.25,2,1.475,12,0.072289157,1,1.65,0.066164659,2,3,1
2,1.7,TTS Feed Processing & loading into DB,172,56,60.48,0.9,0.94,1.08,0,2,0.6,2,0.035714286,1,4.2,0.057839721,2,3,1
2,1.7,Maps>=250 Data Tree Submit,194,9,10.17,1.52,1.86,1.13,3,2,2.7,2,0.222222222,1,3.95,0.210613598,2,2,1
2,1.7,ROC Loss Details Send Email,186,77,110.88,1.87,1.56,1.44,1.25,1,1.175,4,0.051948052,1,1.56,0.061027468,1,0,0
2,1.7,Check Breach Issues,215,172,201.24,0.91,1.24,1.17,1.25,2,1.475,11,0.063953488,1,1.98,0.070517629,2,1,0
2,1.7,Money Transaction Export,160,12,17.88,1.55,1.98,1.49,1.25,3,1.775,1,0.083333333,1,2.2,0.083122363,3,2,1
2,1.7,Merlin vs Seqel Tree,169,93,111.6,0.81,0.57,1.2,0,1,0.3,2,0.021505376,1,2.75,0.033420517,3,0,0
2,1.7,Skiee vs Seq Breach Excel,181,167,223.78,1.78,2.01,1.34,3,2,2.7,22,0.131736527,1,3.2,0.116432166,2,3,1
2,1.7,RCM Management,217,117,135.72,1.32,1.64,1.16,1.25,1,1.175,6,0.051282051,1,1.5,0.052136752,2,0,0
2,1.7,Geography Popup - Mark up,154,104,133.12,1.19,1.7,1.28,1.25,3,1.775,9,0.086538462,1,3.67,0.07548077,2,1,1
2,1.7,Geography Popup - Zoom out,204,25,35.5,1.06,1.3,1.42,0,5,1.5,2,0.08,1,4.1,0.078130435,2,3,1
2,1.7,Breach Details Send Email,162,41,44.69,0.77,0.71,1.09,0,5,1.5,3,0.073170732,1,0.66,0.063664791,2,1,1
2,1.7,ROI vs TTS Recon Tree,180,5,5.85,0.79,1.01,1.17,0,1,0.3,0,0,1,2.98,0.033333333,0,0,0
3,2.55,Breach Details Send Email,162,64,90.24,1.73,2,1.41,3,1,2.4,7,0.109375,2,0.66,0.093760749,2,1,1
3,2.55,Geography Popup - Mark up,154,173,207.6,0.71,0.82,1.2,0,1,0.3,3,0.01734104,2,3.67,0.03257142,3,3,1
3,2.55,Money Transaction Export,160,10,14.5,1.22,1.78,1.45,1.25,3,1.775,0,0,2,2.2,0.024894515,0,0,0
3,2.55,Maps>=250 Data Tree Edit,191,185,249.75,1.2,1.03,1.35,0,1,0.3,3,0.016216216,2,4.1,0.024900637,1,3,1
3,2.55,ROI vs TTS Recon Tree,180,69,90.39,1.05,1.1,1.31,0,4,1.2,4,0.057971014,2,2.98,0.057246377,1,3,1
3,2.55,Maps>=250 Data Tree,219,160,163.2,0.81,0.76,1.02,0,5,1.5,11,0.06875,2,4.6,0.066535853,2,0,0
3,2.55,Ack Matching Report,227,174,233.16,1.83,2.37,1.34,5,3,4.4,37,0.212643678,2,4.3,0.15699748,3,0,1
3,2.55,Check Breach Issues,215,54,63.72,1.64,1.1,1.18,0,3,0.9,2,0.037037037,2,1.98,0.048394043,2,3,1
3,2.55,ROC Details Excel Export,202,28,37.24,0.95,0.88,1.33,0,3,0.9,2,0.071428571,2,4.45,0.094312602,1,1,0
3,2.55,ROC Loss Details Send Email,186,195,278.85,1.22,0.94,1.43,0,3,0.9,8,0.041025641,2,1.56,0.048842072,3,2,1
3,2.55,Skiee vs Seq Breach Excel,181,27,37.53,1.01,1.18,1.39,0,2,0.6,1,0.037037037,2,3.2,0.057794704,3,2,1
3,2.55,Merlin vs Seqel Tree,169,128,142.08,1.32,1.07,1.11,0,4,1.2,7,0.0546875,2,2.75,0.050690433,3,2,1
3,2.55,Maps>=250 Data Tree Submit,194,176,188.32,0.99,1.01,1.07,0,2,0.6,5,0.028409091,2,3.95,0.080748719,2,2,1
3,2.55,Geography Popup - Zoom out,204,144,192.96,1.14,1.63,1.34,1.25,4,2.075,13,0.090277778,2,4.1,0.086259662,2,0,0
3,2.55,TTS Feed Processing & loading into DB,172,97,108.64,1.61,1.52,1.12,1.25,4,2.075,9,0.092783505,2,4.2,0.086725457,1,0,0
3,2.55,Add Issue to ROC,169,32,40,1.57,1.24,1.25,0,3,0.9,2,0.0625,2,2.8,0.090486597,3,2,1
3,2.55,Merlin vs Seqel Breach Excel,229,148,177.6,1.57,1.89,1.2,3,3,3,18,0.121621622,2,3.6,0.110057736,2,1,1
3,2.55,Geography Popup - Zoom in,261,38,49.78,1.28,1.11,1.31,0,2,0.6,1,0.026315789,2,0.87,0.033226247,2,3,1
3,2.55,Maps>=250 Data Tree Add Rows,203,161,189.98,0.81,0.79,1.18,0,2,0.6,4,0.02484472,2,1.65,0.036015802,1,0,0
3,2.55,RCM Management,217,85,86.7,1.13,1.12,1.02,1.25,1,1.175,4,0.047058824,2,1.5,0.048753143,2,3,1
4,3.4,Breach Details Send Email,162,34,47.26,1.46,1.03,1.39,0,4,1.2,2,0.058823529,3,0.66,0.070368544,1,3,1
4,3.4,Geography Popup - Zoom in,261,200,202,1.19,1.23,1.01,1.25,5,2.375,21,0.105,3,0.87,0.081620301,1,0,0
4,3.4,RCM Management,217,115,129.95,1.1,1.62,1.13,1.25,3,1.775,10,0.086956522,3,1.5,0.075409535,2,3,1
4,3.4,Check Breach Issues,215,116,140.36,1.59,1.43,1.21,1.25,3,1.775,9,0.077586207,3,1.98,0.068113101,3,2,1
4,3.4,ROC Loss Details Send Email,186,32,40.32,0.8,0.81,1.26,0,3,0.9,2,0.0625,3,1.56,0.057149933,1,2,1
4,3.4,Geography Popup - Zoom out,204,186,247.38,1.51,2.13,1.33,3,5,3.6,30,0.161290323,3,4.1,0.138958782,3,2,1
4,3.4,Merlin vs Seqel Breach Excel,229,102,137.7,1.7,2.1,1.35,3,1,2.4,12,0.117647059,3,3.6,0.112559619,2,2,1
4,3.4,Maps>=250 Data Tree Edit,191,114,160.74,1.07,1.18,1.41,0,5,1.5,8,0.070175439,3,4.1,0.054090188,2,1,0
4,3.4,Skiee vs Seq Breach Excel,181,166,166,0.89,1.2,1,1.25,1,1.175,9,0.054216867,3,3.2,0.058532867,2,0,0
4,3.4,Money Transaction Export,160,115,124.2,1.4,1.98,1.08,3,4,3.3,17,0.147826087,3,2.2,0.111811594,1,1,0
4,3.4,Merlin vs Seqel Tree,169,37,38.11,1.45,1.51,1.03,1.25,2,1.475,3,0.081081081,3,2.75,0.069844794,2,1,1
4,3.4,Maps>=250 Data Tree Add Rows,203,166,234.06,1.48,1.5,1.41,1.25,3,1.775,12,0.072289157,3,1.65,0.06280027,3,1,1
4,3.4,ROI vs TTS Recon Tree,180,131,189.95,1.61,1.64,1.45,1.25,1,1.175,7,0.053435115,3,2.98,0.048998783,2,3,1
4,3.4,Maps>=250 Data Tree Submit,194,131,167.68,1.26,1.64,1.28,1.25,1,1.175,7,0.053435115,3,3.95,0.065308621,3,3,1
4,3.4,TTS Feed Processing & loading into DB,172,167,170.34,1.1,1.11,1.02,1.25,1,1.175,9,0.053892216,3,4.2,0.059852681,2,0,0
4,3.4,Ack Matching Report,227,100,100,0.97,0.65,1,0,3,0.9,4,0.04,3,4.3,0.073213299,3,1,1
4,3.4,ROC Details Excel Export,202,122,158.6,1.14,0.96,1.3,0,4,1.2,7,0.057377049,3,4.45,0.073680418,2,0,1
4,3.4,Maps>=250 Data Tree,219,73,79.57,1.24,1.63,1.09,3,3,3,9,0.123287671,3,4.6,0.108384703,2,3,1
5,4.25,Maps>=250 Data Tree,219,56,70.56,1.4,1.22,1.26,0,3,0.9,3,0.053571429,4,4.6,0.069032535,3,3,1
5,4.25,Geography Popup - Zoom in,261,124,186,1.24,1.56,1.5,1.25,4,2.075,12,0.096774194,4,0.87,0.091373515,1,3,1
5,4.25,TTS Feed Processing & loading into DB,172,14,19.04,1.39,1.51,1.36,1.25,4,2.075,1,0.071428571,4,4.2,0.070056793,2,1,0
5,4.25,Geography Popup - Zoom out,204,117,147.42,1.5,1.18,1.26,0,3,0.9,5,0.042735043,4,4.1,0.071200373,1,1,0
5,4.25,Maps>=250 Data Tree Add Rows,203,156,209.04,1.8,1.65,1.34,1.25,3,1.775,13,0.083333333,4,1.65,0.075275637,2,2,1
5,4.25,Skiee vs Seq Breach Excel,181,117,155.61,1.33,1.93,1.33,3,2,2.7,14,0.11965812,4,3.2,0.098307761,3,2,1
5,4.25,Ack Matching Report,227,46,53.82,0.67,0.91,1.17,0,4,1.2,3,0.065217391,4,4.3,0.074916542,2,2,1
5,4.25,Maps>=250 Data Tree Edit,191,12,12.24,0.75,0.54,1.02,0,3,0.9,0,0,4,4.1,0.015656709,0,0,1
5,4.25,RCM Management,217,182,245.7,1.57,1.78,1.35,1.25,1,1.175,9,0.049450549,4,1.5,0.056712571,1,1,0
5,4.25,Breach Details Send Email,162,109,122.08,0.89,0.97,1.12,0,1,0.3,2,0.018348624,4,0.66,0.035546243,2,0,0
5,4.1,Add Issue to ROC,169,183,199.47,1.36,1.69,1.09,3,2,2.7,21,0.114754098,3,2.8,0.115555141,1,2,1
5,4.25,ROI vs TTS Recon Tree,180,36,36.36,0.6,0.76,1.01,0,3,0.9,2,0.055555556,4,2.98,0.055373014,1,1,1
5,4.25,Check Breach Issues,215,61,78.69,0.88,1.1,1.29,0,3,0.9,3,0.049180328,4,1.98,0.053647175,1,3,1
5,4.1,Geography Popup - Mark up,154,122,143.96,1.49,1.96,1.18,3,2,2.7,14,0.114754098,3,3.67,0.092449923,3,0,1
5,4.25,Maps>=250 Data Tree Submit,194,136,150.96,1.48,1.15,1.11,1.25,2,1.475,10,0.073529412,4,3.95,0.064998521,3,1,1
5,4.25,ROC Details Excel Export,202,93,114.39,1.73,2.14,1.23,3,3,3,13,0.139784946,4,4.45,0.116467729,3,2,1
5,4.25,Money Transaction Export,160,7,8.19,1.05,1.48,1.17,1.25,5,2.375,0,0,4,2.2,0.029565217,0,0,0
6,5.1,Geography Popup - Zoom in,261,7,10.08,1.49,1.1,1.44,0,5,1.5,0,0,5,0.87,0.029854839,0,0,0
6,5.1,Ack Matching Report,227,112,129.92,0.9,1.05,1.16,0,3,0.9,5,0.044642857,5,4.3,0.048293478,3,3,1
6,5.1,Maps>=250 Data Tree,219,76,91.96,0.93,0.97,1.21,0,1,0.3,1,0.013157895,5,4.6,0.032253579,2,1,0
6,5.1,TTS Feed Processing & loading into DB,172,96,127.68,1.25,1.87,1.33,3,2,2.7,11,0.114583333,5,4.2,0.099883269,1,1,1
6,5.1,Geography Popup - Zoom out,204,97,145.5,1.99,2.67,1.5,5,2,4.1,18,0.18556701,5,4.1,0.154572948,3,0,1
6,5.1,Maps>=250 Data Tree Submit,194,152,228,1.13,1.16,1.5,0,2,0.6,4,0.026315789,5,3.95,0.038470446,1,0,0
6,4.95,Merlin vs Seqel Breach Excel,229,116,148.48,1.13,1.4,1.28,1.25,2,1.475,8,0.068965517,4,3.6,0.083967436,1,1,1
6,5.1,Maps>=250 Data Tree Edit,191,50,59.5,1.31,1.64,1.19,1.25,2,1.475,3,0.06,5,4.1,0.049017544,2,0,1
6,5.1,ROC Details Excel Export,202,23,25.53,1.4,2.08,1.11,3,5,3.6,4,0.173913043,5,4.45,0.155433824,3,1,1
6,4.95,ROC Loss Details Send Email,186,182,202.02,0.69,0.56,1.11,0,2,0.6,5,0.027472527,4,1.56,0.035833333,2,1,1
6,5.1,Check Breach Issues,215,95,129.2,1.47,1.83,1.36,1.25,4,2.075,8,0.084210526,5,1.98,0.076542055,3,0,1
6,4.95,Merlin vs Seqel Tree,169,174,250.56,1.38,1.08,1.44,0,2,0.6,5,0.028735632,4,2.75,0.041799909,2,1,0
6,5.025,Geography Popup - Mark up,154,91,127.4,1.03,1.11,1.4,0,5,1.5,6,0.065934066,4,3.67,0.07083877,2,2,1
6,5.1,ROI vs TTS Recon Tree,180,167,215.43,1.56,2.11,1.29,3,2,2.7,19,0.113772455,5,2.98,0.096095341,3,0,1
6,5.025,Add Issue to ROC,169,46,59.8,0.8,0.91,1.3,0,2,0.6,2,0.043478261,4,2.8,0.059635602,1,0,0
7,5.95,Check Breach Issues,215,41,59.45,1.03,0.98,1.45,0,4,1.2,2,0.048780488,6,1.98,0.05590648,1,2,1
7,5.92,Add Issue to ROC,169,89,104.13,1.06,0.8,1.17,0,2,0.6,3,0.033707865,5,2.8,0.043766568,3,3,1
7,5.95,Maps>=250 Data Tree,219,142,144.84,1.09,1.61,1.02,3,1,2.4,14,0.098591549,6,4.6,0.077002806,2,0,0
7,5.8,Breach Details Send Email,162,14,16.8,1.18,0.93,1.2,0,2,0.6,0,0,5,0.66,0.009552078,0,0,0
7,5.92,Geography Popup - Mark up,154,26,28.86,1.31,1.94,1.11,3,1,2.4,3,0.115384615,5,3.67,0.105431454,1,3,1
7,5.95,Geography Popup - Zoom out,204,81,108.54,1.05,1.38,1.34,1.25,5,2.375,8,0.098765432,6,4.1,0.110522709,3,0,1
7,5.86,Merlin vs Seqel Breach Excel,229,114,117.42,1.39,1.88,1.03,3,1,2.4,11,0.096491228,5,3.6,0.093101669,3,0,1
7,5.8,Maps>=250 Data Tree Add Rows,203,34,41.14,1.14,1.37,1.21,1.25,3,1.775,3,0.088235294,5,1.65,0.085660288,1,2,1
7,5.95,Maps>=250 Data Tree Submit,194,142,198.8,0.98,0.82,1.4,0,2,0.6,4,0.028169014,6,3.95,0.032334409,2,1,0
7,5.95,Geography Popup - Zoom in,261,152,177.84,0.69,0.97,1.17,0,4,1.2,9,0.059210526,6,0.87,0.051124788,2,2,1
7,5.95,ROC Details Excel Export,202,167,198.73,1.12,1.52,1.19,1.25,1,1.175,9,0.053892216,6,4.45,0.086485654,2,0,0
7,5.8,Skiee vs Seq Breach Excel,181,165,178.2,0.79,1.09,1.08,1.25,2,1.475,11,0.066666667,5,3.2,0.076019978,1,0,0
7,5.86,ROC Loss Details Send Email,186,154,155.54,1.46,1.97,1.01,3,3,3,20,0.12987013,5,1.56,0.102653596,2,2,1
7,5.8,RCM Management,217,30,32.7,1.31,0.96,1.09,0,5,1.5,2,0.066666667,5,1.5,0.065252429,2,3,1
7,5.95,TTS Feed Processing & loading into DB,172,35,44.8,1.18,1,1.28,0,5,1.5,3,0.085714286,6,4.2,0.090059524,2,2,1
8,6.8,Add Issue to ROC,169,106,118.72,1.25,1.08,1.12,0,4,1.2,6,0.056603774,6,2.8,0.050712041,2,2,1
8,6.8,Geography Popup - Zoom out,204,109,162.41,1.06,0.88,1.49,0,1,0.3,2,0.018348624,7,4.1,0.051153824,1,3,1
8,6.7,Breach Details Send Email,162,52,71.24,1.22,0.93,1.37,0,2,0.6,2,0.038461538,6,0.66,0.028757939,1,2,1
8,6.8,TTS Feed Processing & loading into DB,172,25,36.5,1.88,1.53,1.46,1.25,3,1.775,2,0.08,7,4.2,0.084601191,1,3,1
8,6.7,Skiee vs Seq Breach Excel,181,103,129.78,1.29,1.3,1.26,1.25,4,2.075,9,0.087378641,6,3.2,0.086464194,1,1,0
8,6.8,Geography Popup - Zoom in,261,154,157.08,0.73,0.64,1.02,0,1,0.3,2,0.012987013,7,0.87,0.020933014,3,0,1
8,6.8,Maps>=250 Data Tree,219,20,28.2,1.44,1.05,1.41,0,2,0.6,1,0.05,7,4.6,0.056034099,2,3,1
8,6.65,Maps>=250 Data Tree Edit,191,154,174.02,1.31,1.32,1.13,1.25,1,1.175,9,0.058441558,6,4.1,0.052909091,3,1,1
8,6.8,ROC Details Excel Export,202,8,8,0.62,0.5,1,0,3,0.9,0,0,7,4.45,0.028169748,0,0,0
8,6.65,Ack Matching Report,227,55,81.95,1.3,1.5,1.49,1.25,3,1.775,4,0.072727273,6,4.3,0.066359402,3,1,1
8,6.75,Merlin vs Seqel Breach Excel,229,91,99.19,1.16,1.18,1.09,1.25,1,1.175,5,0.054945055,6,3.6,0.064656336,3,2,1
8,6.7,Maps>=250 Data Tree Add Rows,203,92,92.92,1.2,0.97,1.01,0,1,0.3,2,0.02173913,6,1.65,0.041197783,2,3,1
8,6.56,Merlin vs Seqel Tree,169,126,166.32,1.13,1.05,1.32,0,2,0.6,4,0.031746032,5,2.75,0.036077457,3,3,1
8,6.65,ROI vs TTS Recon Tree,180,23,33.81,1.77,1.85,1.47,1.25,4,2.075,3,0.130434783,6,2.98,0.119614395,2,1,1
8,6.5,Money Transaction Export,160,88,130.24,1.66,1.36,1.48,0,2,0.6,3,0.034090909,5,2.2,0.038646245,1,0,0
8,6.7,RCM Management,217,195,261.3,1.51,1.65,1.34,1.25,4,2.075,17,0.087179487,6,1.5,0.079304029,1,0,0
8,6.8,Check Breach Issues,215,151,161.57,1.16,1.32,1.07,1.25,3,1.775,11,0.072847682,7,1.98,0.069170528,3,2,1
8,6.8,Maps>=250 Data Tree Submit,194,76,77.52,1.2,1.67,1.02,3,3,3,11,0.144736842,7,3.95,0.109581171,3,3,1
9,7.5,Merlin vs Seqel Tree,169,79,114.55,1.45,1.8,1.45,1.25,3,1.775,7,0.088607595,6,2.75,0.071248086,2,2,1
9,7.45,Money Transaction Export,160,5,6.15,1.63,1.99,1.23,3,1,2.4,1,0.2,6,2.2,0.146818182,3,1,1
9,7.65,ROC Details Excel Export,202,171,179.55,0.83,1.11,1.05,1.25,4,2.075,17,0.099415205,8,4.45,0.074979865,3,3,1
9,7.585714286,RCM Management,217,169,199.42,1.1,0.9,1.18,0,2,0.6,5,0.029585799,7,1.5,0.044812623,2,2,1
9,7.585714286,Skiee vs Seq Breach Excel,181,159,232.14,1.15,1.69,1.46,1.25,2,1.475,10,0.062893082,7,3.2,0.068167552,2,0,0
9,7.542857143,Maps>=250 Data Tree Edit,191,132,175.56,1.78,1.23,1.33,0,3,0.9,5,0.037878788,7,4.1,0.044203463,2,3,1
9,7.65,Maps>=250 Data Tree Submit,194,158,170.64,0.75,0.86,1.08,0,1,0.3,2,0.012658228,8,3.95,0.040625029,3,3,1
9,7.585714286,Breach Details Send Email,162,67,77.72,1.29,1.18,1.16,1.25,2,1.475,4,0.059701493,7,0.66,0.049483353,1,2,1
9,7.65,Geography Popup - Zoom in,261,176,253.44,1.86,1.9,1.44,1.25,2,1.475,12,0.068181818,8,0.87,0.056245728,3,1,0
9,7.671428571,Add Issue to ROC,169,164,186.96,1,0.93,1.14,0,2,0.6,4,0.024390244,7,2.8,0.031764712,3,3,1
9,7.542857143,ROI vs TTS Recon Tree,180,14,16.24,0.98,0.77,1.16,0,2,0.6,0,0,7,2.98,0.037464202,0,0,0
9,7.65,TTS Feed Processing & loading into DB,172,101,102.01,1.18,0.98,1.01,0,3,0.9,4,0.03960396,8,1.2,0.052294201,1,1,1
9,7.628571429,Merlin vs Seqel Breach Excel,229,111,111,0.89,1.16,1,1.25,2,1.475,8,0.072072072,7,3.6,0.071088584,2,0,1
9,7.45,ROC Loss Details Send Email,186,57,73.53,1.35,1.45,1.29,1.25,3,1.775,5,0.087719298,6,1.56,0.090124787,2,1,0
9,7.542857143,Ack Matching Report,227,132,137.28,0.78,1,1.04,0,5,1.5,8,0.060606061,7,4.3,0.061433983,3,2,1
10,8.425,Maps>=250 Data Tree Edit,191,27,32.67,1.47,1.09,1.21,0,2,0.6,1,0.037037037,8,4.1,0.039345839,2,0,0
10,8.5,Geography Popup - Zoom in,261,96,119.04,1.74,2.46,1.24,5,5,5,24,0.25,9,0.87,0.189935065,1,3,1
10,8.5,TTS Feed Processing & loading into DB,172,45,45,1.44,1.26,1,1.25,4,2.075,4,0.088888889,9,4.2,0.078143014,1,1,0
10,8.5,Maps>=250 Data Tree Submit,194,193,214.23,1.18,1.37,1.11,1.25,5,2.375,22,0.113989637,9,3.95,0.096798076,3,1,0
10,8.4625,Skiee vs Seq Breach Excel,181,32,46.4,1.69,2.03,1.45,3,4,3.3,5,0.15625,8,3.2,0.130691481,1,0,1
10,8.4625,Breach Details Send Email,162,77,100.87,1.68,1.41,1.31,1.25,4,2.075,7,0.090909091,8,0.66,0.079422816,1,0,0
10,8.5375,Add Issue to ROC,169,23,32.66,1.41,1.88,1.42,1.25,3,1.775,4,0.173913043,8,2.8,0.132277556,3,0,1
10,8.425,ROI vs TTS Recon Tree,180,151,221.97,1.71,1.15,1.47,0,2,0.6,4,0.026490066,8,2.98,0.031586525,3,0,1
10,8.5,Merlin vs Seqel Breach Excel,229,176,227.04,0.9,1.31,1.29,1.25,3,1.775,15,0.085227273,8,3.6,0.079568011,2,0,0
10,8.414285714,Merlin vs Seqel Tree,169,155,192.2,1.08,0.92,1.24,0,1,0.3,2,0.012903226,7,2.75,0.02992838,2,0,1
10,8.4625,RCM Management,217,193,214.23,1.38,0.95,1.11,0,4,1.2,11,0.056994819,8,1.5,0.054531482,1,3,1
10,8.285714286,Maps>=250 Data Tree Add Rows,203,102,121.38,0.91,0.99,1.19,0,2,0.6,3,0.029411765,7,1.65,0.033759591,2,1,0
10,8.371428571,Money Transaction Export,160,136,140.08,0.61,0.46,1.03,0,4,1.2,7,0.051470588,7,2.2,0.079438503,3,2,1
10,8.371428571,ROC Loss Details Send Email,186,146,186.88,0.88,0.61,1.28,0,5,1.5,10,0.068493151,7,1.56,0.078476078,1,1,1
10,8.35,Check Breach Issues,215,32,36.8,0.7,0.99,1.15,0,2,0.6,1,0.03125,8,1.98,0.041322585,2,0,0
10,8.35,Maps>=250 Data Tree,219,175,199.5,0.89,0.65,1.14,0,4,1.2,9,0.051428571,8,4.6,0.055859155,1,0,1
11,9.35,Geography Popup - Zoom in,261,54,57.78,1.26,1.57,1.07,1.25,3,1.775,4,0.074074074,10,0.87,0.108670034,1,0,0
11,9.275,Money Transaction Export,160,181,184.62,0.71,0.87,1.02,0,4,1.2,10,0.055248619,8,2.2,0.068968151,2,2,1
11,9.233333333,Check Breach Issues,215,191,282.68,1.67,2.25,1.48,3,2,2.7,24,0.12565445,9,1.98,0.101492883,1,2,1
11,9.333333333,Breach Details Send Email,162,128,167.68,1.28,1.23,1.31,0,1,0.3,2,0.015625,9,0.66,0.035089468,3,2,1
11,9.3125,Merlin vs Seqel Tree,169,42,48.3,0.7,0.9,1.15,0,1,0.3,1,0.023809524,8,2.75,0.028108072,2,0,1
11,9.2,Maps>=250 Data Tree Add Rows,203,30,39.6,1,0.83,1.32,0,1,0.3,1,0.033333333,8,1.65,0.031389599,3,2,1
11,9.05,Geography Popup - Zoom out,204,111,113.22,0.78,0.6,1.02,0,2,0.6,3,0.027027027,8,4.1,0.032465187,3,3,1
11,9.2,ROC Details Excel Export,202,26,35.62,1.76,2.4,1.37,5,2,4.1,5,0.192307692,9,4.45,0.154498425,3,2,1
11,9.3,ROI vs TTS Recon Tree,180,166,185.92,0.69,0.58,1.12,0,2,0.6,4,0.024096386,9,2.98,0.022165483,3,3,1
11,9.333333333,RCM Management,217,13,19.24,1.91,2.29,1.48,3,5,3.6,3,0.230769231,9,1.5,0.175896005,3,3,1
11,9.35,Maps>=250 Data Tree Submit,194,13,19.11,1.35,1.59,1.47,1.25,2,1.475,0,0,10,3.95,0.02406375,0,0,0
11,9.366666667,Merlin vs Seqel Breach Excel,229,27,29.16,1.03,1.06,1.08,0,3,0.9,1,0.037037037,9,3.6,0.050178588,1,1,0
11,9.125,Ack Matching Report,227,147,176.4,1.13,0.81,1.2,0,2,0.6,4,0.027210884,8,4.3,0.038441558,3,2,1
11,9.35,TTS Feed Processing & loading into DB,172,176,223.52,0.95,0.83,1.27,0,3,0.9,7,0.039772727,10,4.2,0.049579083,1,2,1
11,8.9,Geography Popup - Mark up,154,168,228.48,1.22,0.87,1.36,0,4,1.2,9,0.053571429,6,3.67,0.06717033,2,0,0
11,9.275,ROC Loss Details Send Email,186,85,124.1,1.11,1.23,1.46,0,2,0.6,3,0.035294118,8,1.56,0.047176443,2,1,1
11,9.4,Add Issue to ROC,169,155,215.45,0.98,0.69,1.39,0,3,0.9,6,0.038709677,9,2.8,0.064318407,2,0,1
11,9.333333333,Skiee vs Seq Breach Excel,181,60,88.2,1.21,1.18,1.47,0,4,1.2,3,0.05,9,3.2,0.072539308,2,0,1
11,9.3,Maps>=250 Data Tree Edit,191,24,34.56,1.8,2.56,1.44,5,4,4.7,4,0.166666667,9,4.1,0.127861953,3,1,1
11,9.233333333,Maps>=250 Data Tree,219,29,29.29,0.82,0.87,1.01,0,2,0.6,1,0.034482759,9,4.6,0.039423646,2,2,1
12,10.2,RCM Management,217,87,120.93,1.18,1.11,1.39,0,1,0.3,2,0.022988506,10,1.5,0.067945282,3,3,1
12,10.11,Check Breach Issues,215,112,124.32,1.61,2.05,1.11,3,2,2.7,14,0.125,10,1.98,0.11575589,1,2,1
12,9.9,Geography Popup - Mark up,154,120,127.2,1.17,0.92,1.06,0,3,0.9,5,0.041666667,7,3.67,0.051419414,1,3,1
12,10.26,Add Issue to ROC,169,29,40.89,1.86,2.15,1.41,3,3,3,4,0.137931034,10,2.8,0.121684964,2,3,1
12,10.2,TTS Feed Processing & loading into DB,172,76,77.52,1.21,0.86,1.02,0,5,1.5,5,0.065789474,11,4.2,0.062896066,1,3,1
12,9.966666667,Geography Popup - Zoom out,204,184,198.72,1.03,0.96,1.08,0,1,0.3,3,0.016304348,9,4.1,0.018653311,3,1,1
12,10.2,Maps>=250 Data Tree Submit,194,109,144.97,0.85,1.13,1.33,0,5,1.5,7,0.064220183,11,3.95,0.056353092,3,0,1
12,10.2,Merlin vs Seqel Tree,169,77,103.95,1.45,1.81,1.35,1.25,2,1.475,5,0.064935065,9,2.75,0.051506773,3,3,1
12,10.17,Maps>=250 Data Tree Edit,191,160,179.2,0.69,0.73,1.12,0,2,0.6,4,0.025,10,4.1,0.054537037,3,1,1
12,10.08,ROC Details Excel Export,202,78,103.74,1.63,1.96,1.33,3,4,3.3,11,0.141025641,10,4.45,0.147121008,2,2,1
12,10.17,ROI vs TTS Recon Tree,180,31,42.47,1.64,1.21,1.37,0,5,1.5,2,0.064516129,10,2.98,0.052629574,3,1,1
12,10.16666667,ROC Loss Details Send Email,186,64,69.76,1.52,1.79,1.09,3,2,2.7,7,0.109375,9,1.56,0.090470639,2,3,1
12,10.2,Skiee vs Seq Breach Excel,181,27,32.67,1.62,1.2,1.21,0,4,1.2,2,0.074074074,10,3.2,0.077476852,3,0,0
12,10.2,Breach Details Send Email,162,99,108.9,1.42,1.13,1.1,1.25,5,2.375,10,0.101010101,10,0.66,0.08292298,1,2,1
12,10.23,Merlin vs Seqel Breach Excel,229,47,47,0.98,1.21,1,1.25,2,1.475,3,0.063829787,10,3.6,0.060610986,2,1,1
12,10.2,Geography Popup - Zoom in,261,87,95.7,1.41,1.38,1.1,1.25,5,2.375,9,0.103448276,11,0.87,0.112228608,1,1,1
12,10.03333333,Ack Matching Report,227,114,168.72,1.19,1.69,1.48,1.25,5,2.375,12,0.105263158,9,4.3,0.085186994,1,0,0
13,11.06363636,Breach Details Send Email,162,58,66.7,1.16,1.21,1.15,1.25,4,2.075,6,0.103448276,11,0.66,0.094178313,3,2,1
13,11.03636364,ROI vs TTS Recon Tree,180,186,262.26,1.76,1.19,1.41,0,4,1.2,9,0.048387097,11,2.98,0.049183832,2,0,1
13,11.08,Merlin vs Seqel Tree,169,24,27.36,1.55,1.06,1.14,0,1,0.3,0,0,10,2.75,0.015367965,0,0,0
13,10.8625,Geography Popup - Mark up,154,81,96.39,0.7,0.61,1.19,0,2,0.6,2,0.024691358,8,3.67,0.030974427,3,3,1
13,10.93,Ack Matching Report,227,145,158.05,0.99,0.84,1.09,0,4,1.2,7,0.048275862,10,4.3,0.057566823,2,3,1
13,11.06363636,RCM Management,217,117,138.06,0.83,0.73,1.18,0,5,1.5,8,0.068376068,11,1.5,0.075537872,3,3,1
13,11.05,Geography Popup - Zoom in,261,135,145.8,0.62,0.46,1.08,0,4,1.2,8,0.059259259,12,0.87,0.069578544,2,0,0
13,10.86666667,Money Transaction Export,160,133,183.54,1.24,1.41,1.38,1.25,3,1.775,11,0.082706767,9,2.2,0.07409152,1,3,1
13,11.09090909,Merlin vs Seqel Breach Excel,229,38,45.22,1.53,1.67,1.19,1.25,5,2.375,4,0.105263158,11,3.6,0.090153872,2,0,0
13,10.95454545,ROC Details Excel Export,202,108,155.52,1.15,0.9,1.44,0,1,0.3,2,0.018518519,11,4.45,0.060398861,3,0,1
13,10.81,Maps>=250 Data Tree,219,106,106,1.12,1.15,1,1.25,4,2.075,9,0.08490566,10,4.6,0.071473371,3,2,1
13,11.06363636,Skiee vs Seq Breach Excel,181,159,203.52,1.56,1.11,1.28,0,2,0.6,4,0.025157233,11,3.2,0.037424878,1,3,1
13,10.8,Maps>=250 Data Tree Add Rows,203,98,103.88,1.22,1.47,1.06,1.25,2,1.475,6,0.06122449,9,1.65,0.052464986,2,3,1
13,11.05,ROC Loss Details Send Email,186,30,44.4,1.52,1.71,1.48,1.25,3,1.775,3,0.1,10,1.56,0.095404412,1,2,1
13,10.98181818,Check Breach Issues,215,133,176.89,1.25,0.84,1.33,0,5,1.5,9,0.067669173,11,1.98,0.084933866,3,0,1
13,11.05,Maps>=250 Data Tree Submit,194,36,40.32,1.36,1.05,1.12,0,2,0.6,1,0.027777778,12,3.95,0.032288481,1,3,1
13,11.03636364,Maps>=250 Data Tree Edit,191,164,224.68,1.31,0.9,1.37,0,5,1.5,12,0.073170732,11,4.1,0.072886179,3,3,1
14,11.925,RCM Management,217,173,233.55,1.74,2.06,1.35,3,1,2.4,17,0.098265896,12,1.5,0.084760191,1,0,0
14,11.78,Money Transaction Export,160,194,242.5,1.37,1.36,1.25,1.25,4,2.075,18,0.092783505,10,2.2,0.087014669,2,0,0
14,11.95454545,Merlin vs Seqel Tree,169,142,188.86,1.02,1.04,1.33,0,1,0.3,2,0.014084507,11,2.75,0.016352661,1,2,1
14,11.81818182,Ack Matching Report,227,33,39.93,0.88,1.07,1.21,0,4,1.2,2,0.060606061,11,4.3,0.062605731,3,0,1
14,11.81818182,Add Issue to ROC,169,90,92.7,1.3,1.32,1.03,1.25,1,1.175,5,0.055555556,11,2.8,0.070346064,2,0,0
14,11.9,Maps>=250 Data Tree Edit,191,130,135.2,1.24,1.14,1.04,1.25,4,2.075,12,0.092307692,12,4.1,0.081749531,1,3,1
14,11.825,ROC Details Excel Export,202,156,166.92,1.44,1.64,1.07,3,5,3.6,25,0.16025641,12,4.45,0.129985755,1,2,1
14,11.925,Breach Details Send Email,162,146,176.66,1.01,0.93,1.21,0,3,0.9,6,0.04109589,12,0.66,0.059557788,3,1,1
14,11.9,Maps>=250 Data Tree Submit,194,115,167.9,1.55,1.44,1.46,0,2,0.6,3,0.026086957,13,3.95,0.030238444,1,3,1
14,11.92727273,ROC Loss Details Send Email,186,114,161.88,1.5,1.04,1.42,0,3,0.9,5,0.043859649,11,1.56,0.061639254,3,0,1
14,11.9,Geography Popup - Zoom in,261,178,254.54,1,1.04,1.43,0,4,1.2,9,0.050561798,13,0.87,0.057589938,1,3,1
14,11.95,Merlin vs Seqel Breach Excel,229,189,253.26,1.29,0.95,1.34,0,3,0.9,8,0.042328042,12,3.6,0.05706524,2,0,1
14,11.9,ROI vs TTS Recon Tree,180,51,70.38,1.13,1.63,1.38,1.25,5,2.375,5,0.098039216,12,2.98,0.084756484,1,2,1
14,11.925,Skiee vs Seq Breach Excel,181,197,236.4,1.03,1.26,1.2,1.25,1,1.175,10,0.050761421,12,3.2,0.047971849,2,0,0
14,11.8,Geography Popup - Mark up,154,193,200.72,1.04,0.97,1.04,0,3,0.9,8,0.041450777,9,3.67,0.038120482,1,0,0
14,11.57,Geography Popup - Zoom out,204,186,199.02,1.12,0.87,1.07,0,4,1.2,11,0.059139785,10,4.1,0.047361422,2,1,1
14,11.85,Check Breach Issues,215,43,64.5,1.44,1.75,1.5,1.25,1,1.175,3,0.069767442,12,1.98,0.074871044,3,1,1
14,11.75,TTS Feed Processing & loading into DB,172,68,98.6,1.73,2.37,1.45,3,5,3.6,11,0.161764706,12,4.2,0.130370462,3,3,1
14,11.72,Maps>=250 Data Tree Add Rows,203,32,34.24,1.07,1.27,1.07,1.25,3,1.775,3,0.09375,10,1.65,0.081203231,1,3,1
14,11.70909091,Maps>=250 Data Tree,219,190,199.5,1.42,1.67,1.05,3,3,3,24,0.126315789,11,4.6,0.10885046,1,1,1
15,12.78461538,Breach Details Send Email,162,106,107.06,0.58,0.62,1.01,0,4,1.2,6,0.056603774,13,0.66,0.058186647,3,2,1
15,12.76153846,ROI vs TTS Recon Tree,180,66,93.06,1.68,1.55,1.41,1.25,5,2.375,7,0.106060606,13,2.98,0.098688977,3,0,1
15,12.6,Maps>=250 Data Tree,219,65,72.15,1.52,2.06,1.11,3,4,3.3,9,0.138461538,12,4.6,0.1306768,3,0,1
15,12.75,Geography Popup - Zoom in,261,116,156.6,1.21,1.39,1.35,1.25,1,1.175,6,0.051724138,14,0.87,0.052245182,1,1,0
15,12.7,Add Issue to ROC,169,80,107.2,1.74,1.28,1.34,0,1,0.3,1,0.0125,12,2.8,0.033654215,3,3,1
15,12.75,Maps>=250 Data Tree Submit,194,164,198.44,1.67,2.16,1.21,3,5,3.6,24,0.146341463,14,3.95,0.110434193,3,1,1
15,12.71538462,Check Breach Issues,215,75,99,0.89,0.95,1.32,0,2,0.6,2,0.026666667,13,1.98,0.039387073,2,2,1
15,12.78461538,RCM Management,217,104,141.44,1.33,0.91,1.36,0,2,0.6,3,0.028846154,13,1.5,0.046683094,1,0,0
15,12.825,Merlin vs Seqel Tree,169,21,27.3,1.38,1.91,1.3,3,1,2.4,1,0.047619048,12,2.75,0.036150235,3,0,1
15,12.62307692,TTS Feed Processing & loading into DB,172,110,110,0.84,0.58,1,0,4,1.2,6,0.054545455,13,4.2,0.077113707,3,3,1
15,12.78461538,Skiee vs Seq Breach Excel,181,30,44.1,1.82,2.44,1.47,3,5,3.6,5,0.166666667,13,3.2,0.129334674,2,2,1
15,12.72,Geography Popup - Mark up,154,79,103.49,1.08,1.16,1.31,0,1,0.3,1,0.012658228,10,3.67,0.019620051,3,0,1
15,12.76153846,Maps>=250 Data Tree Edit,191,74,108.78,1.1,1.44,1.47,0,3,0.9,3,0.040540541,13,4.1,0.05415699,1,1,1
15,12.80769231,Merlin vs Seqel Breach Excel,229,130,171.6,1.22,1.37,1.32,1.25,1,1.175,7,0.053846154,13,3.6,0.056684232,3,3,1
15,12.49090909,Geography Popup - Zoom out,204,60,78,1.39,1,1.3,0,4,1.2,3,0.05,11,4.1,0.048458392,2,1,1
15,12.62727273,Maps>=250 Data Tree Add Rows,203,103,147.29,1.91,2.86,1.43,5,4,4.7,23,0.223300971,11,1.65,0.181183129,3,1,1
15,12.7,Ack Matching Report,227,60,69.6,0.89,1.3,1.16,1.25,2,1.475,4,0.066666667,12,4.3,0.063615465,2,2,1
16,13.6,Geography Popup - Zoom in,261,115,151.8,0.82,1.04,1.32,0,2,0.6,3,0.026086957,15,0.87,0.033661877,2,1,1
16,13.4,Geography Popup - Zoom out,204,173,197.22,1.13,1.58,1.14,1.25,2,1.475,11,0.063583815,12,4.1,0.060422649,2,2,1
16,13.5,ROC Loss Details Send Email,186,41,45.51,1.35,1.57,1.11,1.25,5,2.375,4,0.097560976,12,1.56,0.087064613,1,3,1
16,13.62142857,ROI vs TTS Recon Tree,180,74,91.76,1.1,1.36,1.24,1.25,3,1.775,6,0.081081081,14,2.98,0.0877728,1,2,1
16,13.57857143,Check Breach Issues,215,60,83.4,1.67,1.63,1.39,1.25,4,2.075,6,0.1,14,1.98,0.082310078,2,0,1
16,13.64285714,Skiee vs Seq Breach Excel,181,185,259,1.5,1.84,1.4,1.25,1,1.175,10,0.054054054,14,3.2,0.076247313,3,0,1
16,13.57692308,Add Issue to ROC,169,195,198.9,0.87,0.77,1.02,0,3,0.9,8,0.041025641,13,2.8,0.036773504,3,0,1
16,13.66428571,Merlin vs Seqel Breach Excel,229,168,181.44,0.9,1.25,1.08,1.25,5,2.375,19,0.113095238,14,3.6,0.094168702,1,2,1
16,13.69230769,Merlin vs Seqel Tree,169,132,159.72,1,0.7,1.21,0,2,0.6,4,0.03030303,13,2.75,0.032144381,1,1,0
16,13.62727273,Geography Popup - Mark up,154,107,127.33,1.26,0.99,1.19,0,1,0.3,2,0.018691589,11,3.67,0.019760836,1,0,1
16,13.64285714,RCM Management,217,9,9.09,0.93,1.31,1.01,1.25,3,1.775,0,0,14,1.5,0.01559582,0,0,0
16,13.38181818,Money Transaction Export,160,78,95.94,1.66,1.84,1.23,3,5,3.6,13,0.166666667,11,2.2,0.143494045,2,0,1
16,13.39230769,ROC Details Excel Export,202,89,115.7,1.42,1.26,1.3,0,4,1.2,5,0.056179775,13,4.45,0.073228976,2,3,1
16,13.62142857,Maps>=250 Data Tree Edit,191,96,119.04,1.69,2.46,1.24,5,5,5,24,0.25,14,4.1,0.192338877,3,2,1
16,13.57692308,Ack Matching Report,227,87,124.41,1.01,0.86,1.43,0,2,0.6,3,0.034482759,13,4.3,0.043531871,3,1,1
16,13.48461538,Maps>=250 Data Tree,219,95,97.85,0.59,0.5,1.03,0,5,1.5,6,0.063157895,13,4.6,0.084534413,3,3,1
17,14.45,Geography Popup - Zoom in,261,16,18.72,1.42,1.69,1.17,3,4,3.3,5,0.3125,16,0.87,0.229139805,2,2,1
17,14.39230769,ROC Loss Details Send Email,186,188,265.08,1.9,2.22,1.41,3,3,3,25,0.132978723,13,1.56,0.116983266,1,0,1
17,14.225,Maps>=250 Data Tree Add Rows,203,158,222.78,1.5,1.25,1.41,0,5,1.5,11,0.069620253,12,1.65,0.102769371,2,0,0
17,14.55714286,Merlin vs Seqel Tree,169,199,260.69,0.94,1.25,1.31,0,4,1.2,10,0.050251256,14,2.75,0.04599839,3,3,1
17,14.45,Add Issue to ROC,169,30,37.5,1.19,1.15,1.25,0,4,1.2,2,0.066666667,14,2.8,0.056121795,3,1,1
17,14.3,Geography Popup - Zoom out,204,55,71.5,0.83,0.58,1.3,0,4,1.2,3,0.054545455,13,2.1,0.055898582,2,3,1
17,14.3,Money Transaction Export,160,125,171.25,1.68,1.48,1.37,1.25,1,1.175,7,0.056,12,2.2,0.081811684,2,1,1
17,14.36428571,Maps>=250 Data Tree,219,184,193.2,1.35,1.99,1.05,3,5,3.6,29,0.157608696,14,4.6,0.13680382,3,2,1
17,14.48,ROI vs TTS Recon Tree,180,7,7.63,0.91,0.92,1.09,0,1,0.3,0,0,15,2.98,0.026822277,0,0,0
17,14.19285714,TTS Feed Processing & loading into DB,172,135,179.55,1.82,1.39,1.33,1.25,4,2.075,14,0.103703704,14,4.2,0.099678154,2,3,1
17,14.3,Maps>=250 Data Tree Submit,194,65,87.75,0.96,1.29,1.35,0,2,0.6,2,0.030769231,15,3.95,0.05341545,3,3,1
17,14.45,Ack Matching Report,227,200,278,1.54,1.91,1.39,3,2,2.7,24,0.12,14,4.3,0.097563219,3,0,1
17,14.52,Merlin vs Seqel Breach Excel,229,164,164,1.35,1.48,1,1.25,1,1.175,9,0.054878049,15,3.6,0.066418297,2,2,1
17,14.44,Check Breach Issues,215,174,236.64,1.57,1.68,1.36,1.25,4,2.075,15,0.086206897,15,1.98,0.083011495,2,0,1
17,14.525,Geography Popup - Mark up,154,117,119.34,0.82,0.82,1.02,0,4,1.2,6,0.051282051,12,3.67,0.040901576,2,3,1
17,14.27857143,ROC Details Excel Export,202,184,228.16,0.92,1.06,1.24,0,1,0.3,3,0.016304348,14,4.45,0.03867464,1,0,0
18,15.3,Geography Popup - Zoom in,261,119,121.38,1.23,1.11,1.02,1.25,2,1.475,8,0.067226891,17,0.87,0.112167519,3,0,1
18,15.32,Add Issue to ROC,169,175,175,0.98,0.76,1,0,2,0.6,5,0.028571429,15,2.8,0.037435898,3,3,1
18,15.2,RCM Management,217,19,21.47,0.73,0.93,1.13,0,1,0.3,0,0,15,1.5,0.002884615,0,0,0
18,15.13846154,Maps>=250 Data Tree Add Rows,203,93,108.81,1.47,1.99,1.17,3,2,2.7,12,0.129032258,13,1.65,0.126576728,3,2,1
18,15.20769231,Money Transaction Export,160,78,95.16,1.17,1.58,1.22,1.25,1,1.175,4,0.051282051,13,2.2,0.063764102,2,1,1
18,15.27857143,ROC Loss Details Send Email,186,143,147.29,1.5,1.94,1.03,3,2,2.7,17,0.118881119,14,1.56,0.119568626,1,3,1
18,15.41538462,Geography Popup - Mark up,154,199,218.9,0.86,0.72,1.1,0,2,0.6,5,0.025125628,13,3.67,0.029713509,1,0,0
18,15.04285714,Breach Details Send Email,162,153,194.31,1.05,1.1,1.27,0,1,0.3,2,0.013071895,14,0.66,0.02458067,2,2,1
18,15.42,Merlin vs Seqel Tree,169,61,66.49,0.61,0.63,1.09,0,3,0.9,3,0.049180328,15,2.75,0.047506784,3,2,1
18,15.3375,ROI vs TTS Recon Tree,180,128,186.88,1.45,1.3,1.46,0,4,1.2,7,0.0546875,16,2.98,0.046389358,2,0,0
18,15.375,Merlin vs Seqel Breach Excel,229,191,236.84,1.35,1.02,1.24,0,1,0.3,3,0.015706806,16,3.6,0.033279898,3,0,1
18,15.16,ROC Details Excel Export,202,169,206.18,1.11,1.04,1.22,0,2,0.6,5,0.029585799,15,4.45,0.029588906,3,1,1
18,15.2,Skiee vs Seq Breach Excel,181,86,103.2,1.42,2.02,1.2,3,5,3.6,15,0.174418605,15,3.2,0.149570501,3,0,1
18,15.19285714,Geography Popup - Zoom out,204,53,67.84,1.6,1.95,1.28,3,1,2.4,6,0.113207547,14,4.1,0.096512755,1,1,0
18,15.24,Maps>=250 Data Tree,219,90,98.1,1.47,2.01,1.09,3,4,3.3,13,0.144444444,15,4.6,0.13894864,2,2,1
18,15.16875,Maps>=250 Data Tree Submit,194,73,108.77,1.21,1.59,1.49,1.25,5,2.375,8,0.109589041,16,3.95,0.097500321,2,1,0
18,15.18,Maps>=250 Data Tree Edit,191,174,208.8,0.75,0.58,1.2,0,5,1.5,13,0.074712644,15,4.1,0.106352905,3,0,1
18,15.3,Check Breach Issues,215,152,226.48,1.79,2.3,1.49,3,1,2.4,18,0.118421053,16,1.98,0.110136117,3,3,1
18,15.08,TTS Feed Processing & loading into DB,172,163,185.82,1.03,1.34,1.14,1.25,3,1.775,13,0.079754601,15,4.2,0.082023507,3,2,1
18,15.32,Ack Matching Report,227,127,154.94,1.16,1.61,1.22,1.25,5,2.375,13,0.102362205,15,4.3,0.099101819,2,0,0
19,16.28125,Merlin vs Seqel Tree,169,168,203.28,1.04,1.18,1.21,0,3,0.9,7,0.041666667,16,2.75,0.044027858,3,3,1
19,16.16,ROC Loss Details Send Email,186,143,184.47,0.94,1.25,1.29,0,5,1.5,9,0.062937063,15,1.56,0.08113004,3,2,1
19,16.15882353,Check Breach Issues,215,187,205.7,1.15,1.7,1.1,3,1,2.4,21,0.112299465,17,1.98,0.110914526,1,2,1
19,16.075,Skiee vs Seq Breach Excel,181,23,29.9,1.61,1.08,1.3,0,4,1.2,2,0.086956522,16,3.2,0.101158692,2,1,0
19,16.03529412,Maps>=250 Data Tree Submit,194,145,168.2,1.13,1.43,1.16,1.25,2,1.475,10,0.068965517,17,3.95,0.073270593,3,3,1
19,16.1875,Ack Matching Report,227,134,140.7,0.81,0.98,1.05,0,3,0.9,6,0.044776119,16,4.3,0.063815724,2,3,1
19,16.04285714,Maps>=250 Data Tree Add Rows,203,46,51.06,0.77,0.55,1.11,0,2,0.6,2,0.043478261,14,1.65,0.06320326,1,2,0
19,15.9625,TTS Feed Processing & loading into DB,172,28,33.6,1.56,1.21,1.2,1.25,1,1.175,2,0.071428571,16,4.2,0.07632129,3,1,1
19,16.22941176,Merlin vs Seqel Breach Excel,229,142,193.12,0.93,1.17,1.36,0,4,1.2,7,0.049295775,17,3.6,0.043136209,2,2,1
19,16.1875,Add Issue to ROC,169,143,213.07,1.41,1.46,1.49,0,1,0.3,2,0.013986014,16,2.8,0.022171162,3,1,0
19,16.05625,Maps>=250 Data Tree Edit,191,192,236.16,1.14,0.93,1.23,0,4,1.2,10,0.052083333,16,4.1,0.076400862,1,0,0
19,16.19411765,ROI vs TTS Recon Tree,180,122,143.96,1.46,2.08,1.18,3,5,3.6,19,0.155737705,17,2.98,0.119953894,3,0,1
19,16.1125,Maps>=250 Data Tree,219,152,221.92,1.83,1.82,1.46,1.25,2,1.475,9,0.059210526,16,4.6,0.086097127,2,2,0
19,16.08,Geography Popup - Zoom out,204,39,54.6,1.11,1.16,1.4,0,1,0.3,1,0.025641026,15,4.1,0.046044773,1,3,1
19,16.15,Geography Popup - Zoom in,261,96,116.16,1.52,2.15,1.21,3,5,3.6,17,0.177083333,18,0.87,0.168653711,1,2,1
19,15.94,Breach Details Send Email,162,111,157.62,1.41,1.18,1.42,0,5,1.5,8,0.072072072,15,0.66,0.058725207,1,2,1
19,16.10714286,Money Transaction Export,160,46,56.58,0.84,0.71,1.23,0,1,0.3,1,0.02173913,14,2.2,0.031073801,3,0,1
20,17,Geography Popup - Zoom in,261,11,16.06,1.35,0.96,1.46,0,2,0.6,0,0,19,0.87,0.042139356,0,0,0
20,16.92941176,Maps>=250 Data Tree Edit,191,13,15.99,1.17,1.42,1.23,1.25,3,1.775,0,0,17,1.1,0.017887931,0,0,0
20,17,Geography Popup - Mark up,154,139,152.9,0.94,1.09,1.1,0,3,0.9,6,0.043165468,14,3.67,0.040369158,1,0,0
20,16.94,Maps>=250 Data Tree Add Rows,203,170,244.8,0.96,0.93,1.44,0,4,1.2,9,0.052941176,15,1.65,0.058657701,3,1,1
20,17.05294118,Add Issue to ROC,169,37,43.29,0.91,0.97,1.17,0,2,0.6,1,0.027027027,17,2.8,0.024573265,3,2,1
20,17.05,ROI vs TTS Recon Tree,180,136,160.48,1.05,0.88,1.18,0,2,0.6,4,0.029411765,18,2.98,0.057204527,2,3,1
20,16.83125,Breach Details Send Email,162,120,128.4,0.61,0.73,1.07,0,4,1.2,7,0.058333333,16,0.66,0.056554937,2,0,0
20,16.94705882,Skiee vs Seq Breach Excel,181,182,198.38,0.75,1.08,1.09,0,3,0.9,7,0.038461538,17,3.2,0.061756242,3,3,1
20,17.14117647,Merlin vs Seqel Tree,169,63,92.61,1.36,1.12,1.47,0,4,1.2,4,0.063492063,17,2.75,0.05769581,2,0,0
20,16.84117647,TTS Feed Processing & loading into DB,172,151,179.69,0.97,1.26,1.19,1.25,4,2.075,14,0.092715232,17,4.2,0.087161837,2,3,1
20,16.9,Maps>=250 Data Tree Submit,194,91,133.77,1.07,0.72,1.47,0,2,0.6,3,0.032967033,18,3.95,0.047828931,2,0,0
20,16.9625,Geography Popup - Zoom out,204,123,172.2,1.71,1.85,1.4,1.25,5,2.375,13,0.105691057,16,4.1,0.0904327,1,0,0
20,17.08333333,Merlin vs Seqel Breach Excel,229,200,278,1.61,1.89,1.39,1.25,4,2.075,18,0.09,18,3.6,0.074429836,2,1,1
20,16.7375,ROC Details Excel Export,202,170,173.4,1.36,0.93,1.02,0,1,0.3,3,0.017647059,16,4.45,0.019900536,3,3,1
20,16.98235294,Maps>=250 Data Tree,219,115,144.9,0.9,1.25,1.26,0,1,0.3,2,0.017391304,17,4.6,0.038460462,1,3,1
20,16.775,RCM Management,217,152,212.8,1.55,1.47,1.4,1.25,4,2.075,15,0.098684211,16,1.5,0.069078948,2,0,0
20,17.05294118,Ack Matching Report,227,107,107,0.59,0.5,1,0,4,1.2,6,0.056074766,17,4.3,0.058443781,2,2,1
21,17.8,Maps>=250 Data Tree Edit,191,148,158.36,0.95,1.25,1.07,1.25,1,1.175,7,0.047297297,18,4.1,0.038316441,2,3,1
21,17.71666667,Check Breach Issues,215,105,141.75,1.03,1.13,1.35,0,2,0.6,3,0.028571429,18,1.98,0.054301999,2,3,1
21,18,Merlin vs Seqel Tree,169,171,230.85,1.47,2.09,1.35,3,5,3.6,29,0.169590643,18,2.75,0.135578529,2,2,1
21,17.7,Money Transaction Export,160,115,131.1,0.91,0.81,1.14,0,2,0.6,3,0.026086957,15,2.2,0.027736901,3,0,1
21,17.91666667,Add Issue to ROC,169,184,217.12,1.38,1.93,1.18,3,2,2.7,20,0.108695652,18,2.8,0.082890963,3,0,1
21,17.90526316,ROI vs TTS Recon Tree,180,9,10.98,1.06,0.82,1.22,0,2,0.6,0,0,19,2.98,0.021456124,0,0,0
21,17.81666667,Skiee vs Seq Breach Excel,181,90,118.8,1.1,1.4,1.32,1.25,4,2.075,9,0.1,18,3.2,0.08638796,2,1,1
21,17.66470588,RCM Management,217,112,150.08,1.72,1.25,1.34,0,4,1.2,6,0.053571429,17,1.5,0.057236843,3,1,1
21,17.93684211,Merlin vs Seqel Breach Excel,229,13,14.82,1.11,1.46,1.14,1.25,4,2.075,0,0,19,3.6,0.022929578,0,0,0
21,17.85,Maps>=250 Data Tree,219,20,23.2,1.31,1.51,1.16,1.25,2,1.475,1,0.05,18,4.6,0.044399313,2,3,1
21,17.84117647,Geography Popup - Zoom out,204,175,232.75,1.78,1.58,1.33,1.25,1,1.175,9,0.051428571,17,4.1,0.059702314,2,2,1
21,17.76315789,Maps>=250 Data Tree Submit,194,44,49.72,0.94,1.35,1.13,1.25,2,1.475,3,0.068181818,19,3.95,0.061217231,1,3,1
21,17.71764706,Breach Details Send Email,162,145,171.1,1.1,1.12,1.18,0,3,0.9,6,0.04137931,17,0.66,0.047839391,1,1,0
21,17.7375,ROC Loss Details Send Email,186,92,107.64,0.74,0.99,1.17,0,5,1.5,6,0.065217391,16,1.56,0.070127698,1,3,1
21,17.71666667,TTS Feed Processing & loading into DB,172,166,220.78,1.35,1.16,1.33,0,1,0.3,2,0.012048193,18,4.2,0.034119639,2,0,0
21,17.83125,Maps>=250 Data Tree Add Rows,203,18,23.58,1.06,0.9,1.31,0,4,1.2,2,0.111111111,16,1.65,0.092713839,2,2,1
21,17.9,Geography Popup - Mark up,154,158,197.5,0.96,1.07,1.25,0,1,0.3,2,0.012658228,15,3.67,0.020006416,2,3,1
21,17.62941176,ROC Details Excel Export,202,50,67.5,1.57,1.63,1.35,1.25,2,1.475,3,0.06,17,4.45,0.048487992,2,1,0
21,17.85,Geography Popup - Zoom in,261,172,178.88,1.31,1.55,1.04,3,4,3.3,26,0.151162791,20,0.87,0.123522287,2,0,1
21,17.91666667,Ack Matching Report,227,64,90.88,0.96,1.39,1.42,0,2,0.6,2,0.03125,18,4.3,0.037567565,1,2,1
22,18.6,Breach Details Send Email,162,190,190,1.32,1.89,1,3,2,2.7,21,0.110526316,18,0.66,0.091477617,2,1,0
22,18.58947368,Check Breach Issues,215,103,113.3,1.31,1.24,1.1,1.25,3,1.775,8,0.077669903,19,1.98,0.071313164,2,0,1
22,18.77894737,Add Issue to ROC,169,83,89.64,1.01,0.71,1.08,0,1,0.3,1,0.012048193,19,2.8,0.032875568,1,3,1
22,18.76,ROI vs TTS Recon Tree,180,12,15.48,1.39,1.57,1.29,1.25,4,2.075,2,0.166666667,20,2.98,0.119607843,2,1,1
22,18.68421053,Skiee vs Seq Breach Excel,181,195,218.4,1.03,1.36,1.12,1.25,4,2.075,17,0.087179487,19,3.2,0.084871795,3,0,1
22,18.79375,Geography Popup - Mark up,154,134,179.56,1.84,1.79,1.34,1.25,2,1.475,9,0.067164179,16,3.67,0.053863118,1,2,1
22,18.625,Maps>=250 Data Tree Submit,194,191,261.67,1.72,1.91,1.37,3,1,2.4,21,0.109947644,20,3.95,0.093896418,2,2,1
22,18.60625,Money Transaction Export,160,106,122.96,1.05,1.43,1.16,1.25,4,2.075,9,0.08490566,16,2.2,0.066825266,3,3,1
22,18.71578947,Maps>=250 Data Tree,219,20,23.6,1.53,1.78,1.18,3,1,2.4,2,0.1,19,4.6,0.08173913,2,0,1
22,18.55,RCM Management,217,45,50.4,1.4,2.07,1.12,3,1,2.4,5,0.111111111,18,1.5,0.098360485,1,0,1
22,18.7,Geography Popup - Zoom in,261,138,155.94,0.98,1.35,1.13,1.25,1,1.175,8,0.057971014,21,0.87,0.070812268,1,1,0
22,18.51666667,ROC Details Excel Export,202,55,57.75,0.99,0.99,1.05,0,5,1.5,4,0.072727273,18,4.45,0.064673797,2,3,1
22,18.79,Merlin vs Seqel Breach Excel,229,97,126.1,1.13,1.36,1.3,1.25,5,2.375,10,0.103092784,20,3.6,0.081164949,1,2,1
22,18.66842105,Maps>=250 Data Tree Edit,191,184,230,1.44,1.4,1.25,1.25,1,1.175,10,0.054347826,19,4.1,0.047502938,3,2,1
22,18.71666667,Geography Popup - Zoom out,204,58,78.88,1.35,1.67,1.36,1.25,4,2.075,5,0.086206897,18,4.1,0.081199648,3,3,1
22,18.58947368,TTS Feed Processing & loading into DB,172,82,86.1,0.81,0.86,1.05,0,4,1.2,4,0.048780488,19,4.2,0.045827503,1,0,0
22,18.62941176,ROC Loss Details Send Email,186,33,38.61,1.29,1.91,1.17,3,2,2.7,4,0.121212121,17,1.56,0.104185669,1,0,0
22,18.77894737,Ack Matching Report,227,7,9.52,1.05,1.3,1.36,0,5,1.5,1,0.142857143,19,4.3,0.111857477,2,3,1
23,19.47894737,Breach Details Send Email,162,122,128.1,0.58,0.41,1.05,0,5,1.5,9,0.073770492,19,0.66,0.077882539,1,3,1
23,19.55,Geography Popup - Zoom in,261,40,54,0.88,1.22,1.35,0,5,1.5,3,0.075,22,0.87,0.079210482,2,0,0
23,19.41764706,Maps>=250 Data Tree Add Rows,203,190,195.7,1.04,1.41,1.03,1.25,2,1.475,14,0.073684211,17,1.65,0.079095288,2,1,1
23,19.64,Add Issue to ROC,169,28,29.68,0.87,1.03,1.06,0,5,1.5,2,0.071428571,20,2.8,0.063279204,3,0,1
23,19.50588235,Money Transaction Export,160,180,199.8,1.17,1.54,1.11,1.25,1,1.175,9,0.05,17,2.2,0.054589828,1,3,1
23,19.61428571,ROI vs TTS Recon Tree,180,132,155.76,1.25,0.9,1.18,0,5,1.5,8,0.060606061,21,2.98,0.075757576,2,2,1
23,19.51666667,ROC Loss Details Send Email,186,177,249.57,1.18,0.93,1.41,0,2,0.6,5,0.028248588,18,1.56,0.050538175,3,3,1
23,19.48571429,Maps>=250 Data Tree Submit,194,72,78.48,1.33,1.05,1.09,0,1,0.3,1,0.013888889,21,3.95,0.038529933,1,2,0
23,19.55789474,Merlin vs Seqel Tree,169,38,54.34,1.74,2.16,1.43,3,4,3.3,6,0.157894737,19,2.75,0.150793651,1,1,1
23,19.55,Skiee vs Seq Breach Excel,181,81,100.44,1.36,1.17,1.24,0,4,1.2,4,0.049382716,20,3.2,0.062003799,2,2,1
23,19.535,Maps>=250 Data Tree Edit,191,152,228,1.32,1.88,1.5,1.25,2,1.475,9,0.059210526,20,4.1,0.057046663,2,0,1
23,19.68235294,Geography Popup - Mark up,154,143,183.04,1.45,1.92,1.28,3,4,3.3,22,0.153846154,17,3.67,0.122390966,2,3,1
23,19.43157895,RCM Management,217,38,50.16,1.32,1.95,1.32,3,5,3.6,6,0.157894737,19,1.5,0.138105681,3,1,1
23,19.64,Ack Matching Report,227,7,10.36,1.83,1.89,1.48,1.25,1,1.175,0,0,20,4.3,0.031696429,0,0,0
23,19.58947368,Geography Popup - Zoom out,204,27,34.83,0.86,0.9,1.29,0,5,1.5,2,0.074074074,19,4.1,0.074236088,2,1,0
23,19.64285714,Merlin vs Seqel Breach Excel,229,182,220.22,1.56,2.11,1.21,3,5,3.6,27,0.148351648,21,3.6,0.12446471,3,0,1
23,19.58,Maps>=250 Data Tree,219,74,74.74,1.13,1.22,1.01,1.25,1,1.175,4,0.054054054,20,4.6,0.062837838,1,2,1
24,20.4,Geography Popup - Zoom in,261,179,263.13,1.76,2.18,1.47,3,5,3.6,32,0.17877095,23,0.87,0.145936766,1,0,1
24,20.31666667,Maps>=250 Data Tree Add Rows,203,61,72.59,1.62,1.41,1.19,1.25,5,2.375,7,0.114754098,18,1.65,0.106175822,1,3,1
24,20.43,Merlin vs Seqel Tree,169,167,173.68,0.62,0.73,1.04,0,1,0.3,3,0.017964072,20,2.75,0.061112862,1,1,0
24,20.16,Check Breach Issues,215,186,187.86,1.45,1.07,1.01,1.25,1,1.175,9,0.048387097,20,1.98,0.052262091,1,0,0
24,20.46818182,ROI vs TTS Recon Tree,180,91,124.67,1.03,1.47,1.37,1.25,3,1.775,7,0.076923077,22,2.98,0.082634033,1,2,1
24,20.56666667,Geography Popup - Mark up,154,32,36.8,1.06,1.46,1.15,1.25,4,2.075,3,0.09375,18,3.67,0.103110649,3,3,1
24,20.4,Maps>=250 Data Tree Edit,191,156,162.24,0.56,0.82,1.04,0,5,1.5,10,0.064102564,21,4.1,0.062148683,3,3,1
24,20.1,ROC Details Excel Export,202,196,237.16,0.96,1.1,1.21,0,3,0.9,8,0.040816327,19,4.45,0.049116884,3,1,0
24,20.5,Add Issue to ROC,169,69,82.8,0.94,1.08,1.2,0,5,1.5,5,0.072463768,21,2.8,0.066215171,1,1,1
24,20.4,ROC Loss Details Send Email,186,37,44.4,1.04,1.14,1.2,0,5,1.5,3,0.081081081,19,1.56,0.074527686,3,1,1
24,20.44285714,Maps>=250 Data Tree,219,13,17.29,1.42,2.05,1.33,3,3,3,1,0.076923077,21,4.6,0.074656965,2,0,1
24,20.355,Breach Details Send Email,162,183,221.43,1.09,1.07,1.21,0,3,0.9,8,0.043715847,20,0.66,0.056407823,1,1,0
24,20.34545455,Maps>=250 Data Tree Submit,194,35,42,1.25,1.73,1.2,3,1,2.4,4,0.114285714,22,3.95,0.093772542,3,3,1
24,20.49545455,Merlin vs Seqel Breach Excel,229,104,130,1.18,0.95,1.25,0,5,1.5,7,0.067307692,22,3.6,0.087094992,1,1,0
24,20.4,Money Transaction Export,160,30,38.1,1.29,1.85,1.27,3,3,3,4,0.133333333,18,2.2,0.111823899,1,2,1
24,20.16,TTS Feed Processing & loading into DB,172,42,57.96,1.75,1.67,1.38,1.25,2,1.475,3,0.071428571,20,4.2,0.060960917,1,3,1
24,20.46,Geography Popup - Zoom out,204,134,168.84,0.84,0.73,1.26,0,5,1.5,9,0.067164179,20,4.1,0.07045043,2,2,1
24,20.31,RCM Management,217,100,117,1.36,1.72,1.17,3,2,2.7,11,0.11,20,1.5,0.119690059,3,3,1
24,20.5,Ack Matching Report,227,21,30.03,1.44,1.31,1.43,0,2,0.6,0,0,21,4.3,0.014285714,0,0,0
24,20.41428571,Skiee vs Seq Breach Excel,181,9,10.26,0.85,1.18,1.14,1.25,5,2.375,1,0.111111111,21,3.2,0.09637227,2,0,0
25,21.28,ROC Loss Details Send Email,186,89,105.91,1.2,1.59,1.19,1.25,4,2.075,8,0.08988764,20,1.56,0.081962423,1,2,1
25,21.21052632,Maps>=250 Data Tree Add Rows,203,128,143.36,1.28,1.48,1.12,1.25,1,1.175,7,0.0546875,19,1.65,0.068600491,2,3,1
25,21.3,Merlin vs Seqel Tree,169,173,193.76,1.5,1.75,1.12,3,1,2.4,20,0.115606936,21,2.75,0.100307143,3,3,1
25,21.44736842,Geography Popup - Mark up,154,60,73.2,0.92,1.06,1.22,0,4,1.2,3,0.05,19,3.67,0.069134615,2,1,0
25,21.25,Geography Popup - Zoom in,261,38,54.34,1.79,2.22,1.43,3,4,3.3,6,0.157894737,24,0.87,0.153780506,1,2,1
25,21.27727273,Skiee vs Seq Breach Excel,181,64,76.8,1.23,1.54,1.2,1.25,2,1.475,0,0,22,3.2,0.027160494,0,0,0
25,21.20434783,Maps>=250 Data Tree Submit,194,96,135.36,1.25,1.79,1.41,1.25,1,1.175,5,0.052083333,23,3.95,0.060704365,2,1,1
25,21.28947368,Money Transaction Export,160,22,30.36,1.22,1.51,1.38,1.25,2,1.475,2,0.090909091,19,2.2,0.09530303,3,3,1
25,21.32173913,ROI vs TTS Recon Tree,180,181,188.24,1.43,2,1.04,3,4,3.3,24,0.132596685,23,2.98,0.114262901,1,0,1
25,20.995,ROC Details Excel Export,202,176,184.8,0.92,1.07,1.05,1.25,3,1.775,14,0.079545455,20,4.45,0.071117811,3,3,1
25,21.04285714,TTS Feed Processing & loading into DB,172,101,146.45,1.05,1.03,1.45,0,2,0.6,3,0.02970297,21,4.2,0.039955842,1,1,1
25,21.35909091,Add Issue to ROC,169,137,167.14,1.05,1.47,1.22,1.25,2,1.475,9,0.065693431,22,2.8,0.067621012,3,2,1
25,21.26363636,Maps>=250 Data Tree Edit,191,79,96.38,0.82,0.77,1.22,0,3,0.9,3,0.037974684,22,4.1,0.045323844,2,1,0
25,21.22857143,Breach Details Send Email,162,106,128.26,1.59,1.8,1.21,3,2,2.7,13,0.122641509,21,0.66,0.101969275,1,2,1
25,21.30454545,Maps>=250 Data Tree,219,172,182.32,1.43,1.58,1.06,3,1,2.4,17,0.098837209,22,4.6,0.089976067,1,0,0
25,21.32857143,Geography Popup - Zoom out,204,134,134,0.86,0.73,1,0,3,0.9,5,0.037313433,21,4.1,0.046959646,2,1,0
25,21.18571429,RCM Management,217,73,95.63,1.37,2.01,1.31,3,4,3.3,11,0.150684932,21,1.5,0.143268926,2,1,1
26,21.88571429,ROC Details Excel Export,202,191,278.86,1.17,1.47,1.46,1.25,5,2.375,22,0.115183246,21,4.45,0.100618996,1,3,1
26,22.05909091,RCM Management,217,196,225.4,1.63,2.1,1.15,3,4,3.3,27,0.137755102,22,1.5,0.137565558,2,1,0
26,22.16818182,Merlin vs Seqel Tree,169,79,109.02,1.4,1.64,1.38,1.25,4,2.075,7,0.088607595,22,2.75,0.086943111,1,0,0
26,22.13913043,Skiee vs Seq Breach Excel,181,12,12.72,1.32,1.91,1.06,3,1,2.4,0,0,23,3.2,0.011111111,0,0,0
26,22.175,ROI vs TTS Recon Tree,180,82,112.34,1.54,2.14,1.37,3,5,3.6,14,0.170731707,24,2.98,0.15372384,2,2,1
26,22.325,Geography Popup - Mark up,154,165,188.1,0.85,0.58,1.14,0,2,0.6,4,0.024242424,20,3.67,0.036344697,2,1,0
26,22.04782609,Merlin vs Seqel Breach Excel,229,67,100.5,1.07,1.08,1.5,0,1,0.3,1,0.014925373,23,3.6,0.038744464,2,3,1
26,22.19545455,Geography Popup - Zoom out,204,185,236.8,1.26,1.08,1.28,0,4,1.2,9,0.048648649,22,4.1,0.048233159,1,1,0
26,22.1,Maps>=250 Data Tree Add Rows,203,33,38.94,1.29,0.87,1.18,0,5,1.5,2,0.060606061,20,1.65,0.064837153,2,2,1
26,22.15714286,ROC Loss Details Send Email,186,82,98.4,0.9,0.75,1.2,0,1,0.3,1,0.012195122,21,1.56,0.034622222,1,1,0
26,22.0625,Maps>=250 Data Tree Submit,194,24,33.84,0.97,1.36,1.41,0,5,1.5,1,0.041666667,24,3.95,0.051011905,2,1,1
26,22.2173913,Add Issue to ROC,169,138,179.4,1.38,1.87,1.3,3,5,3.6,24,0.173913043,23,2.8,0.142124193,1,0,1
26,22.12608696,Maps>=250 Data Tree Edit,191,8,9.6,0.76,0.9,1.2,0,1,0.3,0,0,23,4.1,0.014005193,0,0,0
26,22.1,Geography Popup - Zoom in,261,73,106.58,1.29,0.89,1.46,0,4,1.2,4,0.054794521,25,0.87,0.087812207,2,3,1
26,22.1,Breach Details Send Email,162,38,54.72,1.21,1.63,1.44,1.25,2,1.475,3,0.078947368,22,0.66,0.084163044,2,3,1
26,21.74285714,Check Breach Issues,215,46,57.04,0.74,1,1.24,0,3,0.9,2,0.043478261,21,1.98,0.047879192,2,1,0
26,22.05909091,Ack Matching Report,227,159,233.73,1.93,2.49,1.47,5,4,4.7,32,0.201257862,22,4.3,0.140880503,2,2,1
26,22.175,Money Transaction Export,160,191,248.3,1.34,1.01,1.3,0,2,0.6,5,0.02617801,20,2.2,0.049839759,1,0,0
26,22.16521739,Maps>=250 Data Tree,219,153,153,1.3,1.21,1,1.25,3,1.775,11,0.071895425,23,4.6,0.077786547,3,1,1
26,21.92272727,TTS Feed Processing & loading into DB,172,35,36.05,0.87,0.92,1.03,0,4,1.2,2,0.057142857,22,4.2,0.053083451,1,1,0
27,22.93043478,RCM Management,217,197,222.61,1.24,0.91,1.13,0,1,0.3,3,0.015228426,23,1.5,0.053279412,1,1,0
27,23.05714286,Money Transaction Export,160,99,139.59,1,1.4,1.41,0,1,0.3,2,0.02020202,21,2.2,0.028467925,2,0,0
27,23.028,ROI vs TTS Recon Tree,180,198,213.84,1.5,1.05,1.08,0,2,0.6,5,0.025252525,25,2.98,0.065082777,1,3,1
27,23.03181818,ROC Loss Details Send Email,186,115,158.7,1.01,0.76,1.38,0,3,0.9,5,0.043478261,22,1.56,0.041862571,2,0,0
27,22.95,Geography Popup - Zoom in,261,165,181.5,0.92,0.99,1.1,0,4,1.2,8,0.048484848,26,0.87,0.060687772,1,1,0
27,22.9125,Merlin vs Seqel Breach Excel,229,168,231.84,1.26,1.07,1.38,0,5,1.5,11,0.06547619,24,3.6,0.055549177,1,2,0
27,22.8,TTS Feed Processing & loading into DB,172,50,65.5,1.38,2.03,1.31,3,3,3,7,0.14,23,4.2,0.112398868,1,0,0
27,23.075,Add Issue to ROC,169,148,152.44,0.58,0.69,1.03,0,1,0.3,2,0.013513514,24,2.8,0.050811412,2,1,0
27,23.06086957,Geography Popup - Zoom out,204,80,98.4,1.63,2.23,1.23,3,1,2.4,9,0.1125,23,4.1,0.092211073,2,2,1
27,22.63636364,Check Breach Issues,215,21,21.84,0.76,0.9,1.04,0,4,1.2,0,0,22,1.98,0.013534362,0,0,0
27,23.03478261,Merlin vs Seqel Tree,169,27,30.24,0.87,0.83,1.12,0,5,1.5,2,0.074074074,23,2.75,0.081134064,3,3,1
27,22.92,Maps>=250 Data Tree Submit,194,23,23.46,1.46,1.58,1.02,3,4,3.3,6,0.260869565,25,3.95,0.196150362,2,1,1
27,23,Skiee vs Seq Breach Excel,181,50,73,1.41,1.09,1.46,0,4,1.2,0,0,24,3.2,0,0,0,0
27,22.9875,Maps>=250 Data Tree Edit,191,5,6.15,1.13,1.69,1.23,1.25,4,2.075,1,0.2,24,4.1,0.143797468,3,0,1
27,22.77272727,ROC Details Excel Export,202,81,81.81,1.27,1.68,1.01,3,4,3.3,11,0.135802469,22,4.45,0.126052923,3,0,1
27,22.96956522,Breach Details Send Email,162,47,62.51,1.13,0.84,1.33,0,5,1.5,3,0.063829787,23,0.66,0.072734475,2,3,1
27,23.2,Geography Popup - Mark up,154,185,242.35,0.94,0.91,1.31,0,2,0.6,5,0.027027027,21,3.67,0.028767404,1,0,1
27,23.025,Maps>=250 Data Tree,219,146,154.76,0.87,0.99,1.06,0,5,1.5,9,0.061643836,24,4.6,0.067413491,2,2,1
27,22.93043478,Ack Matching Report,227,107,144.45,1.5,1.08,1.35,0,4,1.2,6,0.056074766,23,4.3,0.079503909,3,1,1
27,22.98571429,Maps>=250 Data Tree Add Rows,203,151,176.67,1.55,2.18,1.17,5,2,4.1,25,0.165562914,21,1.65,0.133484002,3,0,1
28,23.8,Geography Popup - Zoom in,261,185,253.45,1.44,0.99,1.37,0,2,0.6,5,0.027027027,27,0.87,0.034095341,2,1,0
28,23.884,Maps>=250 Data Tree,219,108,154.44,1.09,1.4,1.43,0,2,0.6,3,0.027777778,25,4.6,0.038962754,2,0,0
28,23.8375,Breach Details Send Email,162,41,50.02,1.62,1.18,1.22,0,3,0.9,2,0.048780488,24,0.66,0.054807036,1,1,0
28,23.88076923,ROI vs TTS Recon Tree,180,43,50.31,1.55,1.28,1.17,1.25,4,2.075,4,0.093023256,26,2.98,0.087239955,1,3,1
28,23.86,Skiee vs Seq Breach Excel,181,53,55.12,1.21,1.13,1.04,1.25,1,1.175,0,0,25,3.2,0,0,0,0
28,23.776,Merlin vs Seqel Breach Excel,229,96,125.76,1.32,1.6,1.31,1.25,3,1.775,8,0.083333333,25,3.6,0.072921108,1,3,1
28,23.86818182,Maps>=250 Data Tree Add Rows,203,167,240.48,1.66,1.2,1.44,0,3,0.9,7,0.041916168,22,1.65,0.068514507,2,3,1
28,23.932,Add Issue to ROC,169,175,252,1.44,1.96,1.44,3,2,2.7,23,0.131428571,25,2.8,0.112094007,3,3,1
28,23.77692308,Maps>=250 Data Tree Submit,194,180,181.8,0.78,0.97,1.01,0,2,0.6,5,0.027777778,26,3.95,0.075785024,1,0,0
28,23.925,Geography Popup - Zoom out,204,77,101.64,0.96,1.32,1.32,0,2,0.6,2,0.025974026,24,4.1,0.045546683,1,3,1
28,23.675,TTS Feed Processing & loading into DB,172,132,190.08,1.01,1.4,1.44,0,1,0.3,2,0.015151515,24,4.2,0.044320346,1,0,0
28,23.93636364,Money Transaction Export,160,110,114.4,1.2,1.38,1.04,1.25,4,2.075,11,0.1,22,2.2,0.076658205,2,2,1
28,23.52608696,Check Breach Issues,215,160,190.4,1.5,2.13,1.19,3,3,3,22,0.1375,23,1.98,0.100597826,2,0,1
28,23.8,RCM Management,217,142,154.78,1.48,1.44,1.09,1.25,5,2.375,14,0.098591549,24,1.5,0.08583528,3,3,1
28,24.07272727,Geography Popup - Mark up,154,145,201.55,1.87,1.75,1.39,1.25,4,2.075,13,0.089655172,22,3.67,0.070588268,3,2,1
28,23.9,Merlin vs Seqel Tree,169,12,17.16,1.08,1.33,1.43,0,4,1.2,0,0,24,2.75,0.023675574,0,0,0
28,23.848,Maps>=250 Data Tree Edit,191,18,25.56,1.69,1.48,1.42,1.25,1,1.175,1,0.055555556,25,4.1,0.078888889,1,1,0
28,23.8,Ack Matching Report,227,76,104.88,1.79,1.94,1.38,3,3,3,10,0.131578947,24,4.3,0.123446002,2,0,1
28,23.65652174,ROC Details Excel Export,202,52,61.36,0.9,0.79,1.18,0,4,1.2,3,0.057692308,23,4.45,0.079063434,1,1,0
28,23.90434783,ROC Loss Details Send Email,186,62,81.84,1.52,2.02,1.32,3,3,3,8,0.129032258,23,1.56,0.100237745,2,3,1
29,24.65,Geography Popup - Zoom in,261,49,66.15,1.81,1.97,1.35,3,4,3.3,8,0.163265306,28,0.87,0.124539604,2,1,1
29,24.668,RCM Management,217,150,199.5,0.96,1.2,1.33,0,5,1.5,10,0.066666667,25,1.5,0.067907819,2,2,1
29,24.74782609,Maps>=250 Data Tree Add Rows,203,160,195.2,1.09,1.36,1.22,1.25,3,1.775,12,0.075,23,1.65,0.077439525,3,1,1
29,24.4125,Check Breach Issues,215,156,171.6,0.74,0.75,1.1,0,1,0.3,2,0.012820513,24,1.98,0.036474359,1,1,0
29,24.73333333,ROI vs TTS Recon Tree,180,19,20.33,1.07,1.47,1.07,1.25,4,2.075,1,0.052631579,27,2.98,0.057972009,3,2,1
29,24.63846154,Merlin vs Seqel Breach Excel,229,20,139.1,1.57,1.98,1.3,3,1,2.4,0,0,26,3.6,0.023214286,0,0,0
29,24.764,Merlin vs Seqel Tree,169,118,158.12,1.56,2.14,1.34,3,5,3.6,20,0.169491525,25,2.75,0.126051475,1,1,1
29,24.78846154,Add Issue to ROC,169,31,44.33,1.17,1.45,1.43,1.25,1,1.175,0,0.064516129,26,2.8,0.072798356,0,0,0
29,24.63333333,Maps>=250 Data Tree Submit,194,85,127.5,1.44,1.16,1.5,0,5,1.5,6,0.070588235,27,3.95,0.081054277,3,3,1
29,24.775,ROC Loss Details Send Email,186,47,50.29,1.32,1.28,1.07,1.25,3,1.775,4,0.085106383,24,1.56,0.089728746,1,0,0
29,24.74230769,Maps>=250 Data Tree,219,44,51.48,1.59,2.23,1.17,5,5,5,9,0.204545455,26,4.6,0.154901758,2,2,1
29,24.548,TTS Feed Processing & loading into DB,172,67,75.04,0.95,0.93,1.12,0,5,1.5,5,0.074626866,25,4.2,0.069269109,3,1,1
29,24.704,Breach Details Send Email,162,55,62.15,0.89,1.21,1.13,1.25,1,1.175,3,0.054545455,25,0.66,0.054320895,2,1,0
29,24.5375,ROC Details Excel Export,202,63,71.19,0.69,0.66,1.13,0,4,1.2,4,0.063492063,24,4.45,0.069563153,1,3,1
29,24.668,Ack Matching Report,227,112,154.56,1.57,2.01,1.38,3,4,3.3,18,0.160714286,25,4.3,0.144423266,3,0,1
29,24.788,Geography Popup - Zoom out,204,23,25.53,0.67,0.82,1.11,0,4,1.2,0,0,25,4.1,0.016444805,0,0,0
29,24.94347826,Geography Popup - Mark up,154,16,23.04,1.37,1.9,1.44,1.25,2,1.475,2,0.125,23,3.67,0.108133737,1,1,1
29,24.81304348,Money Transaction Export,160,107,127.33,0.92,1.07,1.19,0,5,1.5,7,0.065420561,23,2.2,0.067814595,1,3,1
29,24.70769231,Maps>=250 Data Tree Edit,191,185,214.6,1.57,1.94,1.16,3,1,2.4,20,0.108108108,26,4.1,0.106786787,3,2,1
30,25.644,ROC Loss Details Send Email,186,64,80.64,1.05,0.96,1.26,0,5,1.5,4,0.0625,25,1.56,0.073674502,2,3,1
30,25.296,Check Breach Issues,215,125,147.5,0.75,0.86,1.18,0,4,1.2,7,0.056,25,1.98,0.055514103,1,1,0
30,25.56923077,Breach Details Send Email,162,93,129.27,1.88,2.79,1.39,5,5,5,19,0.204301075,26,0.66,0.158797892,1,1,1
30,25.64444444,Add Issue to ROC,169,45,189.95,1.59,2.31,1.45,3,5,3.6,0,0.152671756,27,2.8,0.132916312,0,0,1
30,25.53461538,RCM Management,217,85,118.15,1.27,1.43,1.39,1.25,5,2.375,9,0.105882353,26,1.5,0.097310135,3,0,1
30,25.416,ROC Details Excel Export,202,92,93.84,0.94,0.91,1.02,0,5,1.5,6,0.065217391,25,4.45,0.064119817,1,3,1
30,25.57777778,Skiee vs Seq Breach Excel,181,35,36.4,0.8,1.03,1.04,0,3,0.9,2,0.057142857,26,3.2,0.04,1,3,1
30,25.48928571,Maps>=250 Data Tree Submit,194,165,191.4,0.75,0.51,1.16,0,3,0.9,6,0.036363636,28,3.95,0.04234997,2,1,1
30,25.53461538,Ack Matching Report,227,50,59.5,1.6,1.82,1.19,3,4,3.3,7,0.14,26,4.3,0.143300752,1,3,1
30,25.58571429,ROI vs TTS Recon Tree,180,145,152.25,1.3,0.95,1.05,0,4,1.2,7,0.048275862,28,2.98,0.053621745,2,1,0
30,25.65,Geography Popup - Zoom out,204,98,130.34,1.76,1.74,1.33,1.25,4,2.075,9,0.091836735,26,4.1,0.066883117,3,0,1
30,25.6,Maps>=250 Data Tree,219,79,104.28,1.66,1.43,1.32,1.25,2,1.475,5,0.063291139,27,4.6,0.087990666,1,0,1
30,25.5,Merlin vs Seqel Breach Excel,229,35,167.24,1.65,1.4,1.48,0,1,0.3,0,0,27,3.6,0.008333333,0,0,0
30,25.62692308,Merlin vs Seqel Tree,169,141,197.4,1.64,1.74,1.4,1.25,3,1.775,12,0.085106383,26,2.75,0.093472773,3,0,1
30,25.6875,Money Transaction Export,160,162,173.34,0.94,0.78,1.07,0,1,0.3,2,0.012345679,24,2.2,0.031726088,1,0,0
30,25.625,Maps>=250 Data Tree Add Rows,203,30,36.3,1.32,1.73,1.21,3,1,2.4,3,0.1,24,1.65,0.089191617,1,1,1
30,25.5,Geography Popup - Zoom in,261,74,80.66,1.04,0.79,1.09,0,4,1.2,4,0.054054054,29,0.87,0.073193602,2,3,1
30,25.41923077,TTS Feed Processing & loading into DB,172,110,155.1,1.88,2.46,1.41,5,3,4.4,21,0.190909091,26,4.2,0.150076888,3,2,1
30,25.56666667,Maps>=250 Data Tree Edit,191,94,125.02,1.25,1.82,1.33,1.25,4,2.075,8,0.085106383,27,4.1,0.086751645,1,0,0
30,25.8125,Geography Popup - Mark up,154,123,134.07,1.55,1.31,1.09,1.25,3,1.775,9,0.073170732,24,3.67,0.08518503,2,2,1
